item_name,path
MRSLife#MRSDialogue#dialogue058#segment260,MRSLife/MRSDialogue/dialogue058/segment388.wav
MRSLife#MRSDialogue#dialogue058#segment035,MRSLife/MRSDialogue/dialogue058/segment231.wav
MRSLife#MRSDialogue#dialogue058#segment345,MRSLife/MRSDialogue/dialogue058/segment497.wav
MRSLife#MRSDialogue#dialogue058#segment737,MRSLife/MRSDialogue/dialogue058/segment606.wav
MRSLife#MRSDialogue#dialogue058#segment651,MRSLife/MRSDialogue/dialogue058/segment741.wav
MRSLife#MRSDialogue#dialogue058#segment551,MRSLife/MRSDialogue/dialogue058/segment277.wav
MRSLife#MRSDialogue#dialogue058#segment439,MRSLife/MRSDialogue/dialogue058/segment566.wav
MRSLife#MRSDialogue#dialogue058#segment388,MRSLife/MRSDialogue/dialogue058/segment186.wav
MRSLife#MRSDialogue#dialogue058#segment407,MRSLife/MRSDialogue/dialogue058/segment336.wav
MRSLife#MRSDialogue#dialogue058#segment672,MRSLife/MRSDialogue/dialogue058/segment258.wav
MRSLife#MRSDialogue#dialogue058#segment484,MRSLife/MRSDialogue/dialogue058/segment735.wav
MRSLife#MRSDialogue#dialogue058#segment327,MRSLife/MRSDialogue/dialogue058/segment331.wav
MRSLife#MRSDialogue#dialogue058#segment664,MRSLife/MRSDialogue/dialogue058/segment309.wav
MRSLife#MRSDialogue#dialogue058#segment530,MRSLife/MRSDialogue/dialogue058/segment750.wav
MRSLife#MRSDialogue#dialogue058#segment191,MRSLife/MRSDialogue/dialogue058/segment531.wav
MRSLife#MRSDialogue#dialogue058#segment503,MRSLife/MRSDialogue/dialogue058/segment298.wav
MRSLife#MRSDialogue#dialogue058#segment603,MRSLife/MRSDialogue/dialogue058/segment428.wav
MRSLife#MRSDialogue#dialogue058#segment091,MRSLife/MRSDialogue/dialogue058/segment762.wav
MRSLife#MRSDialogue#dialogue058#segment618,MRSLife/MRSDialogue/dialogue058/segment430.wav
MRSLife#MRSDialogue#dialogue058#segment073,MRSLife/MRSDialogue/dialogue058/segment536.wav
MRSLife#MRSDialogue#dialogue058#segment649,MRSLife/MRSDialogue/dialogue058/segment086.wav
MRSLife#MRSDialogue#dialogue058#segment306,MRSLife/MRSDialogue/dialogue058/segment117.wav
MRSLife#MRSDialogue#dialogue058#segment520,MRSLife/MRSDialogue/dialogue058/segment514.wav
MRSLife#MRSDialogue#dialogue058#segment222,MRSLife/MRSDialogue/dialogue058/segment266.wav
MRSLife#MRSDialogue#dialogue058#segment726,MRSLife/MRSDialogue/dialogue058/segment135.wav
MRSLife#MRSDialogue#dialogue058#segment053,MRSLife/MRSDialogue/dialogue058/segment621.wav
MRSLife#MRSDialogue#dialogue058#segment329,MRSLife/MRSDialogue/dialogue058/segment107.wav
MRSLife#MRSDialogue#dialogue058#segment144,MRSLife/MRSDialogue/dialogue058/segment313.wav
MRSLife#MRSDialogue#dialogue058#segment767,MRSLife/MRSDialogue/dialogue058/segment349.wav
MRSLife#MRSDialogue#dialogue058#segment467,MRSLife/MRSDialogue/dialogue058/segment438.wav
MRSLife#MRSDialogue#dialogue058#segment715,MRSLife/MRSDialogue/dialogue058/segment366.wav
MRSLife#MRSDialogue#dialogue058#segment286,MRSLife/MRSDialogue/dialogue058/segment591.wav
MRSLife#MRSDialogue#dialogue058#segment494,MRSLife/MRSDialogue/dialogue058/segment205.wav
MRSLife#MRSDialogue#dialogue058#segment750,MRSLife/MRSDialogue/dialogue058/segment146.wav
MRSLife#MRSDialogue#dialogue058#segment370,MRSLife/MRSDialogue/dialogue058/segment354.wav
MRSLife#MRSDialogue#dialogue058#segment729,MRSLife/MRSDialogue/dialogue058/segment163.wav
MRSLife#MRSDialogue#dialogue058#segment773,MRSLife/MRSDialogue/dialogue058/segment444.wav
MRSLife#MRSDialogue#dialogue058#segment038,MRSLife/MRSDialogue/dialogue058/segment392.wav
MRSLife#MRSDialogue#dialogue058#segment642,MRSLife/MRSDialogue/dialogue058/segment577.wav
MRSLife#MRSDialogue#dialogue058#segment017,MRSLife/MRSDialogue/dialogue058/segment322.wav
MRSLife#MRSDialogue#dialogue058#segment269,MRSLife/MRSDialogue/dialogue058/segment485.wav
MRSLife#MRSDialogue#dialogue058#segment207,MRSLife/MRSDialogue/dialogue058/segment219.wav
MRSLife#MRSDialogue#dialogue058#segment582,MRSLife/MRSDialogue/dialogue058/segment667.wav
MRSLife#MRSDialogue#dialogue058#segment497,MRSLife/MRSDialogue/dialogue058/segment395.wav
MRSLife#MRSDialogue#dialogue058#segment028,MRSLife/MRSDialogue/dialogue058/segment725.wav
MRSLife#MRSDialogue#dialogue058#segment671,MRSLife/MRSDialogue/dialogue058/segment699.wav
MRSLife#MRSDialogue#dialogue058#segment186,MRSLife/MRSDialogue/dialogue058/segment463.wav
MRSLife#MRSDialogue#dialogue058#segment099,MRSLife/MRSDialogue/dialogue058/segment350.wav
MRSLife#MRSDialogue#dialogue058#segment113,MRSLife/MRSDialogue/dialogue058/segment578.wav
MRSLife#MRSDialogue#dialogue058#segment373,MRSLife/MRSDialogue/dialogue058/segment037.wav
MRSLife#MRSDialogue#dialogue058#segment382,MRSLife/MRSDialogue/dialogue058/segment022.wav
MRSLife#MRSDialogue#dialogue058#segment221,MRSLife/MRSDialogue/dialogue058/segment676.wav
MRSLife#MRSDialogue#dialogue058#segment121,MRSLife/MRSDialogue/dialogue058/segment439.wav
MRSLife#MRSDialogue#dialogue058#segment564,MRSLife/MRSDialogue/dialogue058/segment402.wav
MRSLife#MRSDialogue#dialogue058#segment540,MRSLife/MRSDialogue/dialogue058/segment567.wav
MRSLife#MRSDialogue#dialogue058#segment251,MRSLife/MRSDialogue/dialogue058/segment732.wav
MRSLife#MRSDialogue#dialogue058#segment109,MRSLife/MRSDialogue/dialogue058/segment434.wav
MRSLife#MRSDialogue#dialogue058#segment151,MRSLife/MRSDialogue/dialogue058/segment776.wav
MRSLife#MRSDialogue#dialogue058#segment536,MRSLife/MRSDialogue/dialogue058/segment662.wav
MRSLife#MRSDialogue#dialogue058#segment318,MRSLife/MRSDialogue/dialogue058/segment023.wav
MRSLife#MRSDialogue#dialogue058#segment196,MRSLife/MRSDialogue/dialogue058/segment008.wav
MRSLife#MRSDialogue#dialogue058#segment071,MRSLife/MRSDialogue/dialogue058/segment339.wav
MRSLife#MRSDialogue#dialogue058#segment693,MRSLife/MRSDialogue/dialogue058/segment540.wav
MRSLife#MRSDialogue#dialogue058#segment708,MRSLife/MRSDialogue/dialogue058/segment018.wav
MRSLife#MRSDialogue#dialogue058#segment349,MRSLife/MRSDialogue/dialogue058/segment506.wav
MRSLife#MRSDialogue#dialogue058#segment549,MRSLife/MRSDialogue/dialogue058/segment029.wav
MRSLife#MRSDialogue#dialogue058#segment328,MRSLife/MRSDialogue/dialogue058/segment129.wav
MRSLife#MRSDialogue#dialogue058#segment249,MRSLife/MRSDialogue/dialogue058/segment452.wav
MRSLife#MRSDialogue#dialogue058#segment458,MRSLife/MRSDialogue/dialogue058/segment127.wav
MRSLife#MRSDialogue#dialogue058#segment363,MRSLife/MRSDialogue/dialogue058/segment285.wav
MRSLife#MRSDialogue#dialogue058#segment746,MRSLife/MRSDialogue/dialogue058/segment254.wav
MRSLife#MRSDialogue#dialogue058#segment481,MRSLife/MRSDialogue/dialogue058/segment633.wav
MRSLife#MRSDialogue#dialogue058#segment011,MRSLife/MRSDialogue/dialogue058/segment030.wav
MRSLife#MRSDialogue#dialogue058#segment291,MRSLife/MRSDialogue/dialogue058/segment333.wav
MRSLife#MRSDialogue#dialogue058#segment535,MRSLife/MRSDialogue/dialogue058/segment010.wav
MRSLife#MRSDialogue#dialogue058#segment598,MRSLife/MRSDialogue/dialogue058/segment226.wav
MRSLife#MRSDialogue#dialogue058#segment170,MRSLife/MRSDialogue/dialogue058/segment095.wav
MRSLife#MRSDialogue#dialogue058#segment545,MRSLife/MRSDialogue/dialogue058/segment767.wav
MRSLife#MRSDialogue#dialogue058#segment194,MRSLife/MRSDialogue/dialogue058/segment475.wav
MRSLife#MRSDialogue#dialogue058#segment037,MRSLife/MRSDialogue/dialogue058/segment382.wav
MRSLife#MRSDialogue#dialogue058#segment718,MRSLife/MRSDialogue/dialogue058/segment143.wav
MRSLife#MRSDialogue#dialogue058#segment471,MRSLife/MRSDialogue/dialogue058/segment681.wav
MRSLife#MRSDialogue#dialogue058#segment003,MRSLife/MRSDialogue/dialogue058/segment691.wav
MRSLife#MRSDialogue#dialogue058#segment362,MRSLife/MRSDialogue/dialogue058/segment507.wav
MRSLife#MRSDialogue#dialogue058#segment313,MRSLife/MRSDialogue/dialogue058/segment528.wav
MRSLife#MRSDialogue#dialogue058#segment270,MRSLife/MRSDialogue/dialogue058/segment370.wav
MRSLife#MRSDialogue#dialogue058#segment165,MRSLife/MRSDialogue/dialogue058/segment122.wav
MRSLife#MRSDialogue#dialogue058#segment739,MRSLife/MRSDialogue/dialogue058/segment544.wav
MRSLife#MRSDialogue#dialogue058#segment421,MRSLife/MRSDialogue/dialogue058/segment483.wav
MRSLife#MRSDialogue#dialogue058#segment042,MRSLife/MRSDialogue/dialogue058/segment003.wav
MRSLife#MRSDialogue#dialogue058#segment576,MRSLife/MRSDialogue/dialogue058/segment375.wav
MRSLife#MRSDialogue#dialogue058#segment409,MRSLife/MRSDialogue/dialogue058/segment614.wav
MRSLife#MRSDialogue#dialogue058#segment068,MRSLife/MRSDialogue/dialogue058/segment488.wav
MRSLife#MRSDialogue#dialogue058#segment063,MRSLife/MRSDialogue/dialogue058/segment057.wav
MRSLife#MRSDialogue#dialogue058#segment477,MRSLife/MRSDialogue/dialogue058/segment352.wav
MRSLife#MRSDialogue#dialogue058#segment396,MRSLife/MRSDialogue/dialogue058/segment687.wav
MRSLife#MRSDialogue#dialogue058#segment338,MRSLife/MRSDialogue/dialogue058/segment246.wav
MRSLife#MRSDialogue#dialogue058#segment033,MRSLife/MRSDialogue/dialogue058/segment586.wav
MRSLife#MRSDialogue#dialogue058#segment092,MRSLife/MRSDialogue/dialogue058/segment165.wav
MRSLife#MRSDialogue#dialogue058#segment468,MRSLife/MRSDialogue/dialogue058/segment093.wav
MRSLife#MRSDialogue#dialogue058#segment637,MRSLife/MRSDialogue/dialogue058/segment248.wav
MRSLife#MRSDialogue#dialogue058#segment366,MRSLife/MRSDialogue/dialogue058/segment505.wav
MRSLife#MRSDialogue#dialogue058#segment648,MRSLife/MRSDialogue/dialogue058/segment359.wav
MRSLife#MRSDialogue#dialogue058#segment387,MRSLife/MRSDialogue/dialogue058/segment104.wav
MRSLife#MRSDialogue#dialogue058#segment377,MRSLife/MRSDialogue/dialogue058/segment454.wav
MRSLife#MRSDialogue#dialogue058#segment707,MRSLife/MRSDialogue/dialogue058/segment071.wav
MRSLife#MRSDialogue#dialogue058#segment248,MRSLife/MRSDialogue/dialogue058/segment170.wav
MRSLife#MRSDialogue#dialogue058#segment610,MRSLife/MRSDialogue/dialogue058/segment070.wav
MRSLife#MRSDialogue#dialogue058#segment008,MRSLife/MRSDialogue/dialogue058/segment524.wav
MRSLife#MRSDialogue#dialogue058#segment044,MRSLife/MRSDialogue/dialogue058/segment222.wav
MRSLife#MRSDialogue#dialogue058#segment508,MRSLife/MRSDialogue/dialogue058/segment034.wav
MRSLife#MRSDialogue#dialogue058#segment369,MRSLife/MRSDialogue/dialogue058/segment188.wav
MRSLife#MRSDialogue#dialogue058#segment734,MRSLife/MRSDialogue/dialogue058/segment194.wav
MRSLife#MRSDialogue#dialogue058#segment232,MRSLife/MRSDialogue/dialogue058/segment501.wav
MRSLife#MRSDialogue#dialogue058#segment246,MRSLife/MRSDialogue/dialogue058/segment301.wav
MRSLife#MRSDialogue#dialogue058#segment431,MRSLife/MRSDialogue/dialogue058/segment486.wav
MRSLife#MRSDialogue#dialogue058#segment341,MRSLife/MRSDialogue/dialogue058/segment128.wav
MRSLife#MRSDialogue#dialogue058#segment506,MRSLife/MRSDialogue/dialogue058/segment111.wav
MRSLife#MRSDialogue#dialogue058#segment276,MRSLife/MRSDialogue/dialogue058/segment625.wav
MRSLife#MRSDialogue#dialogue058#segment681,MRSLife/MRSDialogue/dialogue058/segment319.wav
MRSLife#MRSDialogue#dialogue058#segment233,MRSLife/MRSDialogue/dialogue058/segment481.wav
MRSLife#MRSDialogue#dialogue058#segment319,MRSLife/MRSDialogue/dialogue058/segment060.wav
MRSLife#MRSDialogue#dialogue058#segment384,MRSLife/MRSDialogue/dialogue058/segment133.wav
MRSLife#MRSDialogue#dialogue058#segment348,MRSLife/MRSDialogue/dialogue058/segment166.wav
MRSLife#MRSDialogue#dialogue058#segment761,MRSLife/MRSDialogue/dialogue058/segment683.wav
MRSLife#MRSDialogue#dialogue058#segment129,MRSLife/MRSDialogue/dialogue058/segment332.wav
MRSLife#MRSDialogue#dialogue058#segment501,MRSLife/MRSDialogue/dialogue058/segment358.wav
MRSLife#MRSDialogue#dialogue058#segment492,MRSLife/MRSDialogue/dialogue058/segment632.wav
MRSLife#MRSDialogue#dialogue058#segment731,MRSLife/MRSDialogue/dialogue058/segment197.wav
MRSLife#MRSDialogue#dialogue058#segment075,MRSLife/MRSDialogue/dialogue058/segment705.wav
MRSLife#MRSDialogue#dialogue058#segment668,MRSLife/MRSDialogue/dialogue058/segment554.wav
MRSLife#MRSDialogue#dialogue058#segment733,MRSLife/MRSDialogue/dialogue058/segment004.wav
MRSLife#MRSDialogue#dialogue058#segment359,MRSLife/MRSDialogue/dialogue058/segment668.wav
MRSLife#MRSDialogue#dialogue058#segment271,MRSLife/MRSDialogue/dialogue058/segment627.wav
MRSLife#MRSDialogue#dialogue058#segment634,MRSLife/MRSDialogue/dialogue058/segment105.wav
MRSLife#MRSDialogue#dialogue058#segment445,MRSLife/MRSDialogue/dialogue058/segment355.wav
MRSLife#MRSDialogue#dialogue058#segment425,MRSLife/MRSDialogue/dialogue058/segment259.wav
MRSLife#MRSDialogue#dialogue058#segment231,MRSLife/MRSDialogue/dialogue058/segment304.wav
MRSLife#MRSDialogue#dialogue058#segment343,MRSLife/MRSDialogue/dialogue058/segment247.wav
MRSLife#MRSDialogue#dialogue058#segment725,MRSLife/MRSDialogue/dialogue058/segment126.wav
MRSLife#MRSDialogue#dialogue058#segment316,MRSLife/MRSDialogue/dialogue058/segment255.wav
MRSLife#MRSDialogue#dialogue058#segment137,MRSLife/MRSDialogue/dialogue058/segment373.wav
MRSLife#MRSDialogue#dialogue058#segment026,MRSLife/MRSDialogue/dialogue058/segment328.wav
MRSLife#MRSDialogue#dialogue058#segment019,MRSLife/MRSDialogue/dialogue058/segment342.wav
MRSLife#MRSDialogue#dialogue058#segment093,MRSLife/MRSDialogue/dialogue058/segment167.wav
MRSLife#MRSDialogue#dialogue058#segment010,MRSLife/MRSDialogue/dialogue058/segment271.wav
MRSLife#MRSDialogue#dialogue058#segment749,MRSLife/MRSDialogue/dialogue058/segment592.wav
MRSLife#MRSDialogue#dialogue058#segment138,MRSLife/MRSDialogue/dialogue058/segment671.wav
MRSLife#MRSDialogue#dialogue058#segment533,MRSLife/MRSDialogue/dialogue058/segment682.wav
MRSLife#MRSDialogue#dialogue058#segment122,MRSLife/MRSDialogue/dialogue058/segment575.wav
MRSLife#MRSDialogue#dialogue058#segment757,MRSLife/MRSDialogue/dialogue058/segment116.wav
MRSLife#MRSDialogue#dialogue058#segment658,MRSLife/MRSDialogue/dialogue058/segment228.wav
MRSLife#MRSDialogue#dialogue058#segment453,MRSLife/MRSDialogue/dialogue058/segment156.wav
MRSLife#MRSDialogue#dialogue058#segment473,MRSLife/MRSDialogue/dialogue058/segment551.wav
MRSLife#MRSDialogue#dialogue058#segment544,MRSLife/MRSDialogue/dialogue058/segment068.wav
MRSLife#MRSDialogue#dialogue058#segment102,MRSLife/MRSDialogue/dialogue058/segment256.wav
MRSLife#MRSDialogue#dialogue058#segment498,MRSLife/MRSDialogue/dialogue058/segment033.wav
MRSLife#MRSDialogue#dialogue058#segment004,MRSLife/MRSDialogue/dialogue058/segment123.wav
MRSLife#MRSDialogue#dialogue058#segment753,MRSLife/MRSDialogue/dialogue058/segment480.wav
MRSLife#MRSDialogue#dialogue058#segment727,MRSLife/MRSDialogue/dialogue058/segment329.wav
MRSLife#MRSDialogue#dialogue058#segment307,MRSLife/MRSDialogue/dialogue058/segment734.wav
MRSLife#MRSDialogue#dialogue058#segment426,MRSLife/MRSDialogue/dialogue058/segment362.wav
MRSLife#MRSDialogue#dialogue058#segment578,MRSLife/MRSDialogue/dialogue058/segment612.wav
MRSLife#MRSDialogue#dialogue058#segment612,MRSLife/MRSDialogue/dialogue058/segment599.wav
MRSLife#MRSDialogue#dialogue058#segment663,MRSLife/MRSDialogue/dialogue058/segment405.wav
MRSLife#MRSDialogue#dialogue058#segment117,MRSLife/MRSDialogue/dialogue058/segment245.wav
MRSLife#MRSDialogue#dialogue058#segment188,MRSLife/MRSDialogue/dialogue058/segment623.wav
MRSLife#MRSDialogue#dialogue058#segment444,MRSLife/MRSDialogue/dialogue058/segment717.wav
MRSLife#MRSDialogue#dialogue058#segment395,MRSLife/MRSDialogue/dialogue058/segment406.wav
MRSLife#MRSDialogue#dialogue058#segment235,MRSLife/MRSDialogue/dialogue058/segment035.wav
MRSLife#MRSDialogue#dialogue058#segment563,MRSLife/MRSDialogue/dialogue058/segment421.wav
MRSLife#MRSDialogue#dialogue058#segment446,MRSLife/MRSDialogue/dialogue058/segment341.wav
MRSLife#MRSDialogue#dialogue058#segment332,MRSLife/MRSDialogue/dialogue058/segment230.wav
MRSLife#MRSDialogue#dialogue058#segment022,MRSLife/MRSDialogue/dialogue058/segment182.wav
MRSLife#MRSDialogue#dialogue058#segment023,MRSLife/MRSDialogue/dialogue058/segment458.wav
MRSLife#MRSDialogue#dialogue058#segment259,MRSLife/MRSDialogue/dialogue058/segment698.wav
MRSLife#MRSDialogue#dialogue058#segment567,MRSLife/MRSDialogue/dialogue058/segment390.wav
MRSLife#MRSDialogue#dialogue058#segment475,MRSLife/MRSDialogue/dialogue058/segment465.wav
MRSLife#MRSDialogue#dialogue058#segment754,MRSLife/MRSDialogue/dialogue058/segment027.wav
MRSLife#MRSDialogue#dialogue058#segment076,MRSLife/MRSDialogue/dialogue058/segment242.wav
MRSLife#MRSDialogue#dialogue058#segment312,MRSLife/MRSDialogue/dialogue058/segment569.wav
MRSLife#MRSDialogue#dialogue058#segment470,MRSLife/MRSDialogue/dialogue058/segment005.wav
MRSLife#MRSDialogue#dialogue058#segment217,MRSLife/MRSDialogue/dialogue058/segment103.wav
MRSLife#MRSDialogue#dialogue058#segment339,MRSLife/MRSDialogue/dialogue058/segment284.wav
MRSLife#MRSDialogue#dialogue058#segment344,MRSLife/MRSDialogue/dialogue058/segment464.wav
MRSLife#MRSDialogue#dialogue058#segment429,MRSLife/MRSDialogue/dialogue058/segment012.wav
MRSLife#MRSDialogue#dialogue058#segment730,MRSLife/MRSDialogue/dialogue058/segment132.wav
MRSLife#MRSDialogue#dialogue058#segment106,MRSLife/MRSDialogue/dialogue058/segment414.wav
MRSLife#MRSDialogue#dialogue058#segment050,MRSLife/MRSDialogue/dialogue058/segment367.wav
MRSLife#MRSDialogue#dialogue058#segment258,MRSLife/MRSDialogue/dialogue058/segment604.wav
MRSLife#MRSDialogue#dialogue058#segment041,MRSLife/MRSDialogue/dialogue058/segment063.wav
MRSLife#MRSDialogue#dialogue058#segment674,MRSLife/MRSDialogue/dialogue058/segment191.wav
MRSLife#MRSDialogue#dialogue058#segment562,MRSLife/MRSDialogue/dialogue058/segment299.wav
MRSLife#MRSDialogue#dialogue058#segment633,MRSLife/MRSDialogue/dialogue058/segment739.wav
MRSLife#MRSDialogue#dialogue058#segment168,MRSLife/MRSDialogue/dialogue058/segment433.wav
MRSLife#MRSDialogue#dialogue058#segment532,MRSLife/MRSDialogue/dialogue058/segment545.wav
MRSLife#MRSDialogue#dialogue058#segment491,MRSLife/MRSDialogue/dialogue058/segment712.wav
MRSLife#MRSDialogue#dialogue058#segment372,MRSLife/MRSDialogue/dialogue058/segment637.wav
MRSLife#MRSDialogue#dialogue058#segment331,MRSLife/MRSDialogue/dialogue058/segment220.wav
MRSLife#MRSDialogue#dialogue058#segment356,MRSLife/MRSDialogue/dialogue058/segment654.wav
MRSLife#MRSDialogue#dialogue058#segment751,MRSLife/MRSDialogue/dialogue058/segment099.wav
MRSLife#MRSDialogue#dialogue058#segment350,MRSLife/MRSDialogue/dialogue058/segment297.wav
MRSLife#MRSDialogue#dialogue058#segment055,MRSLife/MRSDialogue/dialogue058/segment174.wav
MRSLife#MRSDialogue#dialogue058#segment589,MRSLife/MRSDialogue/dialogue058/segment744.wav
MRSLife#MRSDialogue#dialogue058#segment701,MRSLife/MRSDialogue/dialogue058/segment453.wav
MRSLife#MRSDialogue#dialogue058#segment320,MRSLife/MRSDialogue/dialogue058/segment663.wav
MRSLife#MRSDialogue#dialogue058#segment336,MRSLife/MRSDialogue/dialogue058/segment384.wav
MRSLife#MRSDialogue#dialogue058#segment662,MRSLife/MRSDialogue/dialogue058/segment050.wav
MRSLife#MRSDialogue#dialogue058#segment126,MRSLife/MRSDialogue/dialogue058/segment383.wav
MRSLife#MRSDialogue#dialogue058#segment135,MRSLife/MRSDialogue/dialogue058/segment348.wav
MRSLife#MRSDialogue#dialogue058#segment321,MRSLife/MRSDialogue/dialogue058/segment335.wav
MRSLife#MRSDialogue#dialogue058#segment104,MRSLife/MRSDialogue/dialogue058/segment500.wav
MRSLife#MRSDialogue#dialogue058#segment593,MRSLife/MRSDialogue/dialogue058/segment199.wav
MRSLife#MRSDialogue#dialogue058#segment650,MRSLife/MRSDialogue/dialogue058/segment409.wav
MRSLife#MRSDialogue#dialogue058#segment597,MRSLife/MRSDialogue/dialogue058/segment603.wav
MRSLife#MRSDialogue#dialogue058#segment012,MRSLife/MRSDialogue/dialogue058/segment563.wav
MRSLife#MRSDialogue#dialogue058#segment482,MRSLife/MRSDialogue/dialogue058/segment369.wav
MRSLife#MRSDialogue#dialogue058#segment717,MRSLife/MRSDialogue/dialogue058/segment743.wav
MRSLife#MRSDialogue#dialogue058#segment617,MRSLife/MRSDialogue/dialogue058/segment618.wav
MRSLife#MRSDialogue#dialogue058#segment490,MRSLife/MRSDialogue/dialogue058/segment305.wav
MRSLife#MRSDialogue#dialogue058#segment067,MRSLife/MRSDialogue/dialogue058/segment340.wav
MRSLife#MRSDialogue#dialogue058#segment107,MRSLife/MRSDialogue/dialogue058/segment675.wav
MRSLife#MRSDialogue#dialogue058#segment512,MRSLife/MRSDialogue/dialogue058/segment208.wav
MRSLife#MRSDialogue#dialogue058#segment237,MRSLife/MRSDialogue/dialogue058/segment089.wav
MRSLife#MRSDialogue#dialogue058#segment677,MRSLife/MRSDialogue/dialogue058/segment450.wav
MRSLife#MRSDialogue#dialogue058#segment594,MRSLife/MRSDialogue/dialogue058/segment677.wav
MRSLife#MRSDialogue#dialogue058#segment294,MRSLife/MRSDialogue/dialogue058/segment337.wav
MRSLife#MRSDialogue#dialogue058#segment355,MRSLife/MRSDialogue/dialogue058/segment040.wav
MRSLife#MRSDialogue#dialogue058#segment108,MRSLife/MRSDialogue/dialogue058/segment211.wav
MRSLife#MRSDialogue#dialogue058#segment333,MRSLife/MRSDialogue/dialogue058/segment564.wav
MRSLife#MRSDialogue#dialogue058#segment364,MRSLife/MRSDialogue/dialogue058/segment751.wav
MRSLife#MRSDialogue#dialogue058#segment018,MRSLife/MRSDialogue/dialogue058/segment377.wav
MRSLife#MRSDialogue#dialogue058#segment074,MRSLife/MRSDialogue/dialogue058/segment572.wav
MRSLife#MRSDialogue#dialogue058#segment640,MRSLife/MRSDialogue/dialogue058/segment396.wav
MRSLife#MRSDialogue#dialogue058#segment266,MRSLife/MRSDialogue/dialogue058/segment238.wav
MRSLife#MRSDialogue#dialogue058#segment006,MRSLife/MRSDialogue/dialogue058/segment538.wav
MRSLife#MRSDialogue#dialogue058#segment404,MRSLife/MRSDialogue/dialogue058/segment121.wav
MRSLife#MRSDialogue#dialogue058#segment459,MRSLife/MRSDialogue/dialogue058/segment085.wav
MRSLife#MRSDialogue#dialogue058#segment174,MRSLife/MRSDialogue/dialogue058/segment467.wav
MRSLife#MRSDialogue#dialogue058#segment054,MRSLife/MRSDialogue/dialogue058/segment716.wav
MRSLife#MRSDialogue#dialogue058#segment716,MRSLife/MRSDialogue/dialogue058/segment251.wav
MRSLife#MRSDialogue#dialogue058#segment705,MRSLife/MRSDialogue/dialogue058/segment492.wav
MRSLife#MRSDialogue#dialogue058#segment441,MRSLife/MRSDialogue/dialogue058/segment425.wav
MRSLife#MRSDialogue#dialogue058#segment261,MRSLife/MRSDialogue/dialogue058/segment757.wav
MRSLife#MRSDialogue#dialogue058#segment226,MRSLife/MRSDialogue/dialogue058/segment315.wav
MRSLife#MRSDialogue#dialogue058#segment069,MRSLife/MRSDialogue/dialogue058/segment503.wav
MRSLife#MRSDialogue#dialogue058#segment699,MRSLife/MRSDialogue/dialogue058/segment372.wav
MRSLife#MRSDialogue#dialogue058#segment140,MRSLife/MRSDialogue/dialogue058/segment114.wav
MRSLife#MRSDialogue#dialogue058#segment531,MRSLife/MRSDialogue/dialogue058/segment140.wav
MRSLife#MRSDialogue#dialogue058#segment027,MRSLife/MRSDialogue/dialogue058/segment233.wav
MRSLife#MRSDialogue#dialogue058#segment060,MRSLife/MRSDialogue/dialogue058/segment442.wav
MRSLife#MRSDialogue#dialogue058#segment538,MRSLife/MRSDialogue/dialogue058/segment376.wav
MRSLife#MRSDialogue#dialogue058#segment443,MRSLife/MRSDialogue/dialogue058/segment610.wav
MRSLife#MRSDialogue#dialogue058#segment524,MRSLife/MRSDialogue/dialogue058/segment318.wav
MRSLife#MRSDialogue#dialogue058#segment584,MRSLife/MRSDialogue/dialogue058/segment234.wav
MRSLife#MRSDialogue#dialogue058#segment103,MRSLife/MRSDialogue/dialogue058/segment074.wav
MRSLife#MRSDialogue#dialogue058#segment143,MRSLife/MRSDialogue/dialogue058/segment051.wav
MRSLife#MRSDialogue#dialogue058#segment450,MRSLife/MRSDialogue/dialogue058/segment496.wav
MRSLife#MRSDialogue#dialogue058#segment400,MRSLife/MRSDialogue/dialogue058/segment641.wav
MRSLife#MRSDialogue#dialogue058#segment611,MRSLife/MRSDialogue/dialogue058/segment521.wav
MRSLife#MRSDialogue#dialogue058#segment273,MRSLife/MRSDialogue/dialogue058/segment723.wav
MRSLife#MRSDialogue#dialogue058#segment504,MRSLife/MRSDialogue/dialogue058/segment436.wav
MRSLife#MRSDialogue#dialogue058#segment065,MRSLife/MRSDialogue/dialogue058/segment533.wav
MRSLife#MRSDialogue#dialogue058#segment335,MRSLife/MRSDialogue/dialogue058/segment075.wav
MRSLife#MRSDialogue#dialogue058#segment442,MRSLife/MRSDialogue/dialogue058/segment102.wav
MRSLife#MRSDialogue#dialogue058#segment255,MRSLife/MRSDialogue/dialogue058/segment674.wav
MRSLife#MRSDialogue#dialogue058#segment691,MRSLife/MRSDialogue/dialogue058/segment295.wav
MRSLife#MRSDialogue#dialogue058#segment127,MRSLife/MRSDialogue/dialogue058/segment073.wav
MRSLife#MRSDialogue#dialogue058#segment045,MRSLife/MRSDialogue/dialogue058/segment232.wav
MRSLife#MRSDialogue#dialogue058#segment288,MRSLife/MRSDialogue/dialogue058/segment053.wav
MRSLife#MRSDialogue#dialogue058#segment528,MRSLife/MRSDialogue/dialogue058/segment024.wav
MRSLife#MRSDialogue#dialogue058#segment402,MRSLife/MRSDialogue/dialogue058/segment517.wav
MRSLife#MRSDialogue#dialogue058#segment740,MRSLife/MRSDialogue/dialogue058/segment730.wav
MRSLife#MRSDialogue#dialogue058#segment202,MRSLife/MRSDialogue/dialogue058/segment484.wav
MRSLife#MRSDialogue#dialogue058#segment200,MRSLife/MRSDialogue/dialogue058/segment080.wav
MRSLife#MRSDialogue#dialogue058#segment358,MRSLife/MRSDialogue/dialogue058/segment381.wav
MRSLife#MRSDialogue#dialogue058#segment541,MRSLife/MRSDialogue/dialogue058/segment526.wav
MRSLife#MRSDialogue#dialogue058#segment605,MRSLife/MRSDialogue/dialogue058/segment108.wav
MRSLife#MRSDialogue#dialogue058#segment543,MRSLife/MRSDialogue/dialogue058/segment523.wav
MRSLife#MRSDialogue#dialogue058#segment240,MRSLife/MRSDialogue/dialogue058/segment017.wav
MRSLife#MRSDialogue#dialogue058#segment184,MRSLife/MRSDialogue/dialogue058/segment314.wav
MRSLife#MRSDialogue#dialogue058#segment131,MRSLife/MRSDialogue/dialogue058/segment079.wav
MRSLife#MRSDialogue#dialogue058#segment523,MRSLife/MRSDialogue/dialogue058/segment178.wav
MRSLife#MRSDialogue#dialogue058#segment448,MRSLife/MRSDialogue/dialogue058/segment477.wav
MRSLife#MRSDialogue#dialogue058#segment034,MRSLife/MRSDialogue/dialogue058/segment320.wav
MRSLife#MRSDialogue#dialogue058#segment486,MRSLife/MRSDialogue/dialogue058/segment210.wav
MRSLife#MRSDialogue#dialogue058#segment354,MRSLife/MRSDialogue/dialogue058/segment636.wav
MRSLife#MRSDialogue#dialogue058#segment604,MRSLife/MRSDialogue/dialogue058/segment113.wav
MRSLife#MRSDialogue#dialogue058#segment430,MRSLife/MRSDialogue/dialogue058/segment710.wav
MRSLife#MRSDialogue#dialogue058#segment211,MRSLife/MRSDialogue/dialogue058/segment718.wav
MRSLife#MRSDialogue#dialogue058#segment675,MRSLife/MRSDialogue/dialogue058/segment613.wav
MRSLife#MRSDialogue#dialogue058#segment086,MRSLife/MRSDialogue/dialogue058/segment516.wav
MRSLife#MRSDialogue#dialogue058#segment244,MRSLife/MRSDialogue/dialogue058/segment587.wav
MRSLife#MRSDialogue#dialogue058#segment609,MRSLife/MRSDialogue/dialogue058/segment474.wav
MRSLife#MRSDialogue#dialogue058#segment434,MRSLife/MRSDialogue/dialogue058/segment468.wav
MRSLife#MRSDialogue#dialogue058#segment182,MRSLife/MRSDialogue/dialogue058/segment588.wav
MRSLife#MRSDialogue#dialogue058#segment337,MRSLife/MRSDialogue/dialogue058/segment598.wav
MRSLife#MRSDialogue#dialogue058#segment040,MRSLife/MRSDialogue/dialogue058/segment026.wav
MRSLife#MRSDialogue#dialogue058#segment542,MRSLife/MRSDialogue/dialogue058/segment364.wav
MRSLife#MRSDialogue#dialogue058#segment755,MRSLife/MRSDialogue/dialogue058/segment404.wav
MRSLife#MRSDialogue#dialogue058#segment116,MRSLife/MRSDialogue/dialogue058/segment617.wav
MRSLife#MRSDialogue#dialogue058#segment323,MRSLife/MRSDialogue/dialogue058/segment658.wav
MRSLife#MRSDialogue#dialogue058#segment692,MRSLife/MRSDialogue/dialogue058/segment530.wav
MRSLife#MRSDialogue#dialogue058#segment256,MRSLife/MRSDialogue/dialogue058/segment494.wav
MRSLife#MRSDialogue#dialogue058#segment636,MRSLife/MRSDialogue/dialogue058/segment204.wav
MRSLife#MRSDialogue#dialogue058#segment215,MRSLife/MRSDialogue/dialogue058/segment692.wav
MRSLife#MRSDialogue#dialogue058#segment390,MRSLife/MRSDialogue/dialogue058/segment459.wav
MRSLife#MRSDialogue#dialogue058#segment114,MRSLife/MRSDialogue/dialogue058/segment213.wav
MRSLife#MRSDialogue#dialogue058#segment167,MRSLife/MRSDialogue/dialogue058/segment168.wav
MRSLife#MRSDialogue#dialogue058#segment722,MRSLife/MRSDialogue/dialogue058/segment054.wav
MRSLife#MRSDialogue#dialogue058#segment189,MRSLife/MRSDialogue/dialogue058/segment202.wav
MRSLife#MRSDialogue#dialogue058#segment352,MRSLife/MRSDialogue/dialogue058/segment094.wav
MRSLife#MRSDialogue#dialogue058#segment596,MRSLife/MRSDialogue/dialogue058/segment307.wav
MRSLife#MRSDialogue#dialogue058#segment451,MRSLife/MRSDialogue/dialogue058/segment722.wav
MRSLife#MRSDialogue#dialogue058#segment277,MRSLife/MRSDialogue/dialogue058/segment097.wav
MRSLife#MRSDialogue#dialogue058#segment381,MRSLife/MRSDialogue/dialogue058/segment151.wav
MRSLife#MRSDialogue#dialogue058#segment380,MRSLife/MRSDialogue/dialogue058/segment038.wav
MRSLife#MRSDialogue#dialogue058#segment667,MRSLife/MRSDialogue/dialogue058/segment325.wav
MRSLife#MRSDialogue#dialogue058#segment029,MRSLife/MRSDialogue/dialogue058/segment011.wav
MRSLife#MRSDialogue#dialogue058#segment242,MRSLife/MRSDialogue/dialogue058/segment217.wav
MRSLife#MRSDialogue#dialogue058#segment230,MRSLife/MRSDialogue/dialogue058/segment091.wav
MRSLife#MRSDialogue#dialogue058#segment057,MRSLife/MRSDialogue/dialogue058/segment561.wav
MRSLife#MRSDialogue#dialogue058#segment566,MRSLife/MRSDialogue/dialogue058/segment747.wav
MRSLife#MRSDialogue#dialogue058#segment464,MRSLife/MRSDialogue/dialogue058/segment306.wav
MRSLife#MRSDialogue#dialogue058#segment342,MRSLife/MRSDialogue/dialogue058/segment183.wav
MRSLife#MRSDialogue#dialogue058#segment698,MRSLife/MRSDialogue/dialogue058/segment761.wav
MRSLife#MRSDialogue#dialogue058#segment526,MRSLife/MRSDialogue/dialogue058/segment398.wav
MRSLife#MRSDialogue#dialogue058#segment210,MRSLife/MRSDialogue/dialogue058/segment045.wav
MRSLife#MRSDialogue#dialogue058#segment416,MRSLife/MRSDialogue/dialogue058/segment470.wav
MRSLife#MRSDialogue#dialogue058#segment245,MRSLife/MRSDialogue/dialogue058/segment773.wav
MRSLife#MRSDialogue#dialogue058#segment525,MRSLife/MRSDialogue/dialogue058/segment098.wav
MRSLife#MRSDialogue#dialogue058#segment156,MRSLife/MRSDialogue/dialogue058/segment206.wav
MRSLife#MRSDialogue#dialogue058#segment314,MRSLife/MRSDialogue/dialogue058/segment276.wav
MRSLife#MRSDialogue#dialogue058#segment376,MRSLife/MRSDialogue/dialogue058/segment260.wav
MRSLife#MRSDialogue#dialogue058#segment452,MRSLife/MRSDialogue/dialogue058/segment731.wav
MRSLife#MRSDialogue#dialogue058#segment627,MRSLife/MRSDialogue/dialogue058/segment431.wav
MRSLife#MRSDialogue#dialogue058#segment128,MRSLife/MRSDialogue/dialogue058/segment290.wav
MRSLife#MRSDialogue#dialogue058#segment133,MRSLife/MRSDialogue/dialogue058/segment196.wav
MRSLife#MRSDialogue#dialogue058#segment166,MRSLife/MRSDialogue/dialogue058/segment664.wav
MRSLife#MRSDialogue#dialogue058#segment322,MRSLife/MRSDialogue/dialogue058/segment685.wav
MRSLife#MRSDialogue#dialogue058#segment219,MRSLife/MRSDialogue/dialogue058/segment106.wav
MRSLife#MRSDialogue#dialogue058#segment723,MRSLife/MRSDialogue/dialogue058/segment534.wav
MRSLife#MRSDialogue#dialogue058#segment743,MRSLife/MRSDialogue/dialogue058/segment469.wav
MRSLife#MRSDialogue#dialogue058#segment428,MRSLife/MRSDialogue/dialogue058/segment288.wav
MRSLife#MRSDialogue#dialogue058#segment572,MRSLife/MRSDialogue/dialogue058/segment363.wav
MRSLife#MRSDialogue#dialogue058#segment469,MRSLife/MRSDialogue/dialogue058/segment327.wav
MRSLife#MRSDialogue#dialogue058#segment279,MRSLife/MRSDialogue/dialogue058/segment513.wav
MRSLife#MRSDialogue#dialogue058#segment570,MRSLife/MRSDialogue/dialogue058/segment294.wav
MRSLife#MRSDialogue#dialogue058#segment496,MRSLife/MRSDialogue/dialogue058/segment131.wav
MRSLife#MRSDialogue#dialogue058#segment081,MRSLife/MRSDialogue/dialogue058/segment512.wav
MRSLife#MRSDialogue#dialogue058#segment398,MRSLife/MRSDialogue/dialogue058/segment471.wav
MRSLife#MRSDialogue#dialogue058#segment190,MRSLife/MRSDialogue/dialogue058/segment726.wav
MRSLife#MRSDialogue#dialogue058#segment315,MRSLife/MRSDialogue/dialogue058/segment504.wav
MRSLife#MRSDialogue#dialogue058#segment744,MRSLife/MRSDialogue/dialogue058/segment184.wav
MRSLife#MRSDialogue#dialogue058#segment775,MRSLife/MRSDialogue/dialogue058/segment672.wav
MRSLife#MRSDialogue#dialogue058#segment685,MRSLife/MRSDialogue/dialogue058/segment052.wav
MRSLife#MRSDialogue#dialogue058#segment297,MRSLife/MRSDialogue/dialogue058/segment081.wav
MRSLife#MRSDialogue#dialogue058#segment079,MRSLife/MRSDialogue/dialogue058/segment270.wav
MRSLife#MRSDialogue#dialogue058#segment666,MRSLife/MRSDialogue/dialogue058/segment508.wav
MRSLife#MRSDialogue#dialogue058#segment002,MRSLife/MRSDialogue/dialogue058/segment279.wav
MRSLife#MRSDialogue#dialogue058#segment159,MRSLife/MRSDialogue/dialogue058/segment044.wav
MRSLife#MRSDialogue#dialogue058#segment325,MRSLife/MRSDialogue/dialogue058/segment448.wav
MRSLife#MRSDialogue#dialogue058#segment465,MRSLife/MRSDialogue/dialogue058/segment267.wav
MRSLife#MRSDialogue#dialogue058#segment295,MRSLife/MRSDialogue/dialogue058/segment423.wav
MRSLife#MRSDialogue#dialogue058#segment298,MRSLife/MRSDialogue/dialogue058/segment007.wav
MRSLife#MRSDialogue#dialogue058#segment776,MRSLife/MRSDialogue/dialogue058/segment426.wav
MRSLife#MRSDialogue#dialogue058#segment392,MRSLife/MRSDialogue/dialogue058/segment067.wav
MRSLife#MRSDialogue#dialogue058#segment220,MRSLife/MRSDialogue/dialogue058/segment651.wav
MRSLife#MRSDialogue#dialogue058#segment089,MRSLife/MRSDialogue/dialogue058/segment541.wav
MRSLife#MRSDialogue#dialogue058#segment577,MRSLife/MRSDialogue/dialogue058/segment615.wav
MRSLife#MRSDialogue#dialogue058#segment500,MRSLife/MRSDialogue/dialogue058/segment609.wav
MRSLife#MRSDialogue#dialogue058#segment710,MRSLife/MRSDialogue/dialogue058/segment638.wav
MRSLife#MRSDialogue#dialogue058#segment480,MRSLife/MRSDialogue/dialogue058/segment590.wav
MRSLife#MRSDialogue#dialogue058#segment375,MRSLife/MRSDialogue/dialogue058/segment058.wav
MRSLife#MRSDialogue#dialogue058#segment687,MRSLife/MRSDialogue/dialogue058/segment429.wav
MRSLife#MRSDialogue#dialogue058#segment066,MRSLife/MRSDialogue/dialogue058/segment291.wav
MRSLife#MRSDialogue#dialogue058#segment254,MRSLife/MRSDialogue/dialogue058/segment451.wav
MRSLife#MRSDialogue#dialogue058#segment488,MRSLife/MRSDialogue/dialogue058/segment343.wav
MRSLife#MRSDialogue#dialogue058#segment614,MRSLife/MRSDialogue/dialogue058/segment076.wav
MRSLife#MRSDialogue#dialogue058#segment738,MRSLife/MRSDialogue/dialogue058/segment727.wav
MRSLife#MRSDialogue#dialogue058#segment735,MRSLife/MRSDialogue/dialogue058/segment693.wav
MRSLife#MRSDialogue#dialogue058#segment070,MRSLife/MRSDialogue/dialogue058/segment043.wav
MRSLife#MRSDialogue#dialogue058#segment516,MRSLife/MRSDialogue/dialogue058/segment708.wav
MRSLife#MRSDialogue#dialogue058#segment591,MRSLife/MRSDialogue/dialogue058/segment713.wav
MRSLife#MRSDialogue#dialogue058#segment613,MRSLife/MRSDialogue/dialogue058/segment576.wav
MRSLife#MRSDialogue#dialogue058#segment204,MRSLife/MRSDialogue/dialogue058/segment180.wav
MRSLife#MRSDialogue#dialogue058#segment094,MRSLife/MRSDialogue/dialogue058/segment499.wav
MRSLife#MRSDialogue#dialogue058#segment436,MRSLife/MRSDialogue/dialogue058/segment041.wav
MRSLife#MRSDialogue#dialogue058#segment517,MRSLife/MRSDialogue/dialogue058/segment380.wav
MRSLife#MRSDialogue#dialogue058#segment213,MRSLife/MRSDialogue/dialogue058/segment261.wav
MRSLife#MRSDialogue#dialogue058#segment575,MRSLife/MRSDialogue/dialogue058/segment203.wav
MRSLife#MRSDialogue#dialogue058#segment267,MRSLife/MRSDialogue/dialogue058/segment109.wav
MRSLife#MRSDialogue#dialogue058#segment583,MRSLife/MRSDialogue/dialogue058/segment522.wav
MRSLife#MRSDialogue#dialogue058#segment111,MRSLife/MRSDialogue/dialogue058/segment666.wav
MRSLife#MRSDialogue#dialogue058#segment521,MRSLife/MRSDialogue/dialogue058/segment137.wav
MRSLife#MRSDialogue#dialogue058#segment592,MRSLife/MRSDialogue/dialogue058/segment235.wav
MRSLife#MRSDialogue#dialogue058#segment105,MRSLife/MRSDialogue/dialogue058/segment645.wav
MRSLife#MRSDialogue#dialogue058#segment299,MRSLife/MRSDialogue/dialogue058/segment644.wav
MRSLife#MRSDialogue#dialogue058#segment238,MRSLife/MRSDialogue/dialogue058/segment002.wav
MRSLife#MRSDialogue#dialogue058#segment654,MRSLife/MRSDialogue/dialogue058/segment582.wav
MRSLife#MRSDialogue#dialogue058#segment290,MRSLife/MRSDialogue/dialogue058/segment749.wav
MRSLife#MRSDialogue#dialogue058#segment638,MRSLife/MRSDialogue/dialogue058/segment642.wav
MRSLife#MRSDialogue#dialogue058#segment030,MRSLife/MRSDialogue/dialogue058/segment249.wav
MRSLife#MRSDialogue#dialogue058#segment599,MRSLife/MRSDialogue/dialogue058/segment028.wav
MRSLife#MRSDialogue#dialogue058#segment080,MRSLife/MRSDialogue/dialogue058/segment701.wav
MRSLife#MRSDialogue#dialogue058#segment178,MRSLife/MRSDialogue/dialogue058/segment152.wav
MRSLife#MRSDialogue#dialogue058#segment304,MRSLife/MRSDialogue/dialogue058/segment550.wav
MRSLife#MRSDialogue#dialogue058#segment132,MRSLife/MRSDialogue/dialogue058/segment570.wav
MRSLife#MRSDialogue#dialogue058#segment676,MRSLife/MRSDialogue/dialogue058/segment715.wav
MRSLife#MRSDialogue#dialogue058#segment163,MRSLife/MRSDialogue/dialogue058/segment136.wav
MRSLife#MRSDialogue#dialogue058#segment234,MRSLife/MRSDialogue/dialogue058/segment733.wav
MRSLife#MRSDialogue#dialogue058#segment423,MRSLife/MRSDialogue/dialogue058/segment273.wav
MRSLife#MRSDialogue#dialogue058#segment405,MRSLife/MRSDialogue/dialogue058/segment520.wav
MRSLife#MRSDialogue#dialogue058#segment606,MRSLife/MRSDialogue/dialogue058/segment594.wav
MRSLife#MRSDialogue#dialogue058#segment051,MRSLife/MRSDialogue/dialogue058/segment441.wav
MRSLife#MRSDialogue#dialogue058#segment505,MRSLife/MRSDialogue/dialogue058/segment237.wav
MRSLife#MRSDialogue#dialogue058#segment621,MRSLife/MRSDialogue/dialogue058/segment649.wav
MRSLife#MRSDialogue#dialogue058#segment644,MRSLife/MRSDialogue/dialogue058/segment611.wav
MRSLife#MRSDialogue#dialogue058#segment285,MRSLife/MRSDialogue/dialogue058/segment543.wav
MRSLife#MRSDialogue#dialogue058#segment085,MRSLife/MRSDialogue/dialogue058/segment696.wav
MRSLife#MRSDialogue#dialogue058#segment123,MRSLife/MRSDialogue/dialogue058/segment244.wav
MRSLife#MRSDialogue#dialogue058#segment414,MRSLife/MRSDialogue/dialogue058/segment286.wav
MRSLife#MRSDialogue#dialogue058#segment515,MRSLife/MRSDialogue/dialogue058/segment092.wav
MRSLife#MRSDialogue#dialogue058#segment097,MRSLife/MRSDialogue/dialogue058/segment562.wav
MRSLife#MRSDialogue#dialogue058#segment752,MRSLife/MRSDialogue/dialogue058/segment351.wav
MRSLife#MRSDialogue#dialogue058#segment438,MRSLife/MRSDialogue/dialogue058/segment416.wav
MRSLife#MRSDialogue#dialogue058#segment205,MRSLife/MRSDialogue/dialogue058/segment584.wav
MRSLife#MRSDialogue#dialogue058#segment309,MRSLife/MRSDialogue/dialogue058/segment631.wav
MRSLife#MRSDialogue#dialogue058#segment499,MRSLife/MRSDialogue/dialogue058/segment316.wav
MRSLife#MRSDialogue#dialogue058#segment588,MRSLife/MRSDialogue/dialogue058/segment344.wav
MRSLife#MRSDialogue#dialogue058#segment043,MRSLife/MRSDialogue/dialogue058/segment066.wav
MRSLife#MRSDialogue#dialogue058#segment615,MRSLife/MRSDialogue/dialogue058/segment338.wav
MRSLife#MRSDialogue#dialogue058#segment024,MRSLife/MRSDialogue/dialogue058/segment593.wav
MRSLife#MRSDialogue#dialogue058#segment162,MRSLife/MRSDialogue/dialogue058/segment557.wav
MRSLife#MRSDialogue#dialogue058#segment534,MRSLife/MRSDialogue/dialogue058/segment535.wav
MRSLife#MRSDialogue#dialogue058#segment383,MRSLife/MRSDialogue/dialogue058/segment006.wav
MRSLife#MRSDialogue#dialogue058#segment136,MRSLife/MRSDialogue/dialogue058/segment400.wav
MRSLife#MRSDialogue#dialogue058#segment009,MRSLife/MRSDialogue/dialogue058/segment775.wav
MRSLife#MRSDialogue#dialogue058#segment587,MRSLife/MRSDialogue/dialogue058/segment515.wav
MRSLife#MRSDialogue#dialogue058#segment228,MRSLife/MRSDialogue/dialogue058/segment356.wav
MRSLife#MRSDialogue#dialogue058#segment284,MRSLife/MRSDialogue/dialogue058/segment738.wav
MRSLife#MRSDialogue#dialogue058#segment180,MRSLife/MRSDialogue/dialogue058/segment597.wav
MRSLife#MRSDialogue#dialogue058#segment367,MRSLife/MRSDialogue/dialogue058/segment345.wav
MRSLife#MRSDialogue#dialogue058#segment569,MRSLife/MRSDialogue/dialogue058/segment589.wav
MRSLife#MRSDialogue#dialogue058#segment747,MRSLife/MRSDialogue/dialogue058/segment446.wav
MRSLife#MRSDialogue#dialogue058#segment203,MRSLife/MRSDialogue/dialogue058/segment755.wav
MRSLife#MRSDialogue#dialogue058#segment183,MRSLife/MRSDialogue/dialogue058/segment144.wav
MRSLife#MRSDialogue#dialogue058#segment560,MRSLife/MRSDialogue/dialogue058/segment473.wav
MRSLife#MRSDialogue#dialogue058#segment098,MRSLife/MRSDialogue/dialogue058/segment752.wav
MRSLife#MRSDialogue#dialogue058#segment696,MRSLife/MRSDialogue/dialogue058/segment055.wav
MRSLife#MRSDialogue#dialogue058#segment732,MRSLife/MRSDialogue/dialogue058/segment753.wav
MRSLife#MRSDialogue#dialogue058#segment005,MRSLife/MRSDialogue/dialogue058/segment740.wav
MRSLife#MRSDialogue#dialogue058#segment522,MRSLife/MRSDialogue/dialogue058/segment605.wav
MRSLife#MRSDialogue#dialogue058#segment058,MRSLife/MRSDialogue/dialogue058/segment498.wav
MRSLife#MRSDialogue#dialogue058#segment361,MRSLife/MRSDialogue/dialogue058/segment263.wav
MRSLife#MRSDialogue#dialogue058#segment590,MRSLife/MRSDialogue/dialogue058/segment596.wav
MRSLife#MRSDialogue#dialogue058#segment683,MRSLife/MRSDialogue/dialogue058/segment159.wav
MRSLife#MRSDialogue#dialogue058#segment263,MRSLife/MRSDialogue/dialogue058/segment650.wav
MRSLife#MRSDialogue#dialogue058#segment206,MRSLife/MRSDialogue/dialogue058/segment729.wav
MRSLife#MRSDialogue#dialogue058#segment557,MRSLife/MRSDialogue/dialogue058/segment549.wav
MRSLife#MRSDialogue#dialogue058#segment340,MRSLife/MRSDialogue/dialogue058/segment042.wav
MRSLife#MRSDialogue#dialogue058#segment741,MRSLife/MRSDialogue/dialogue058/segment009.wav
MRSLife#MRSDialogue#dialogue058#segment641,MRSLife/MRSDialogue/dialogue058/segment162.wav
MRSLife#MRSDialogue#dialogue058#segment623,MRSLife/MRSDialogue/dialogue058/segment361.wav
MRSLife#MRSDialogue#dialogue058#segment152,MRSLife/MRSDialogue/dialogue058/segment754.wav
MRSLife#MRSDialogue#dialogue058#segment247,MRSLife/MRSDialogue/dialogue058/segment532.wav
MRSLife#MRSDialogue#dialogue058#segment514,MRSLife/MRSDialogue/dialogue058/segment321.wav
MRSLife#MRSDialogue#dialogue058#segment199,MRSLife/MRSDialogue/dialogue058/segment445.wav
MRSLife#MRSDialogue#dialogue058#segment507,MRSLife/MRSDialogue/dialogue058/segment707.wav
MRSLife#MRSDialogue#dialogue058#segment550,MRSLife/MRSDialogue/dialogue058/segment525.wav
MRSLife#MRSDialogue#dialogue058#segment485,MRSLife/MRSDialogue/dialogue058/segment407.wav
MRSLife#MRSDialogue#dialogue058#segment608,MRSLife/MRSDialogue/dialogue058/segment323.wav
MRSLife#MRSDialogue#dialogue058#segment554,MRSLife/MRSDialogue/dialogue058/segment608.wav
MRSLife#MRSDialogue#dialogue058#segment433,MRSLife/MRSDialogue/dialogue058/segment746.wav
MRSLife#MRSDialogue#dialogue058#segment713,MRSLife/MRSDialogue/dialogue058/segment269.wav
MRSLife#MRSDialogue#dialogue058#segment762,MRSLife/MRSDialogue/dialogue058/segment482.wav
MRSLife#MRSDialogue#dialogue058#segment586,MRSLife/MRSDialogue/dialogue058/segment560.wav
MRSLife#MRSDialogue#dialogue058#segment645,MRSLife/MRSDialogue/dialogue058/segment221.wav
MRSLife#MRSDialogue#dialogue058#segment052,MRSLife/MRSDialogue/dialogue058/segment200.wav
MRSLife#MRSDialogue#dialogue058#segment474,MRSLife/MRSDialogue/dialogue058/segment019.wav
MRSLife#MRSDialogue#dialogue058#segment561,MRSLife/MRSDialogue/dialogue058/segment648.wav
MRSLife#MRSDialogue#dialogue058#segment305,MRSLife/MRSDialogue/dialogue058/segment240.wav
MRSLife#MRSDialogue#dialogue058#segment625,MRSLife/MRSDialogue/dialogue058/segment640.wav
MRSLife#MRSDialogue#dialogue058#segment301,MRSLife/MRSDialogue/dialogue058/segment583.wav
MRSLife#MRSDialogue#dialogue058#segment095,MRSLife/MRSDialogue/dialogue058/segment490.wav
MRSLife#MRSDialogue#dialogue058#segment351,MRSLife/MRSDialogue/dialogue058/segment542.wav
MRSLife#MRSDialogue#dialogue058#segment146,MRSLife/MRSDialogue/dialogue058/segment207.wav
MRSLife#MRSDialogue#dialogue058#segment007,MRSLife/MRSDialogue/dialogue058/segment491.wav
MRSLife#MRSDialogue#dialogue058#segment454,MRSLife/MRSDialogue/dialogue058/segment190.wav
MRSLife#MRSDialogue#dialogue058#segment483,MRSLife/MRSDialogue/dialogue058/segment215.wav
MRSLife#MRSDialogue#dialogue058#segment682,MRSLife/MRSDialogue/dialogue058/segment601.wav
MRSLife#MRSDialogue#dialogue058#segment513,MRSLife/MRSDialogue/dialogue058/segment312.wav
MRSLife#MRSDialogue#dialogue058#segment197,MRSLife/MRSDialogue/dialogue058/segment737.wav
MRSLife#MRSDialogue#dialogue058#segment631,MRSLife/MRSDialogue/dialogue058/segment189.wav
MRSLife#MRSDialogue#dialogue058#segment406,MRSLife/MRSDialogue/dialogue058/segment138.wav
MRSLife#MRSDialogue#dialogue058#segment601,MRSLife/MRSDialogue/dialogue058/segment387.wav
MRSLife#MRSDialogue#dialogue058#segment632,MRSLife/MRSDialogue/dialogue058/segment069.wav
MRSLife#MRSDialogue#dialogue058#segment463,MRSLife/MRSDialogue/dialogue058/segment065.wav
MRSLife#MRSDialogue#dialogue058#segment208,MRSLife/MRSDialogue/dialogue058/segment443.wav
MRSLife#MRSDialogue#dialogue058#segment712,MRSLife/MRSDialogue/dialogue058/segment634.wav
