tag,category,count,alias
black_footwear,0,590960,"白手袋,白手套,白長手袋"
thigh_gap,0,87312,
petals,0,523624,渐变色背景
touhou,0,729208,"爆乳,폭유,爆乳化,hugeboobs,hugebreasts"
cleavage_cutout,3,391147,"チェックスカート,格子裙"
gloves,0,423188,
siblings,0,383478,"hololiveEnglish,ホロライブEN,HololiveMyth,HololiveEN,holocouncil,holoEN,ホロライブEnglish"
wolf_ears,0,720127,ハイアングル
cum_in_pussy,0,142994,"狐耳,きつね耳,キツネ耳,きつねみみ"
torn_clothes,3,96766,"獣娘,獣耳,けもみみ,ケモミミ,けものみみ,ケモ耳,獸耳,兽耳"
heart-shaped_pupils,0,233227,"釦,鈕扣,纽扣,扣子,단추,鈕"
white_bow,0,233937,"ショートパンツ,ホットパンツ,超短パン,短パン,热裤"
sweat,0,78073,"水,물"
ascot,0,360630,英語
wrist_cuffs,0,100180,"ロリ,ロリビッチ,ロリ妊婦,ペド,ロリフ,合法ロリ,おねロリ,萝莉,LOLI,lolicon,蘿莉,로리,ロリコン,ロリショタ,ケモロリ,ロリ陰毛,メスガキ,褐色ロリ,おにロリ,ロリ巨根,ロリサキュバス,幼女,mesugaki"
bright_pupils,0,131631,
white_footwear,0,120831,
covered_navel,0,146449,"傷跡,疤痕,疤"
from_above,0,91457,和服
4girls,0,84834,長袖
day,0,128341,"バニーガール,バニースーツ,バニー,兔女郎,바니걸,メカバニー,bunnysuit"
nipples,0,83587,唇
huge_breasts,0,363320,"頭巾,후드,帽兜,フード"
one_eye_closed,0,498160,"ねこしっぽ,猫しっぽ,猫尻尾"
black_bow,0,1010004,"インテーク,进气口发型,排气孔"
standing_on_one_leg,0,803763,"下乳,南半球,下パイ,おっぱいスカート,underboobs"
genshin_impact,0,110634,"髪型チェンジ,非常态发型"
arms_up,0,316516,"ハイヒール,高跟,高跟鞋"
animal_ear_fluff,0,118910,"ポニーテール,ポニテ,黒髪ポニーテール,马尾,포니테일"
horse_ears,0,154861,
twin_braids,0,106465,"猫口,ω"
cum,0,1105296,"エプロン,えぷろん,围裙"
cloud,0,131626,"縦ロール,ドリルヘアー"
maid,0,77525,"帯,kimono_obi,kimono_belt,束带"
zettai_ryouiki,0,458252,"剣,大刀,刀剣,グレートソード,大剣,女剣士,劍,miekka,espada,pedang,Schwert,miecz,меч,svärd,swaard"
signature,0,73339,"半眼,半目,眯眼,眯着眼睛,半闭着眼,はんめ"
hairband,0,101258,"横乳,よこちち,옆가슴"
red_hair,0,80553,"半ズボン,短パン,ショートパンツ"
night,0,480649,
black_panties,0,212095,"腋,脇,魅惑の腋,腋巫女,脇の下,腋下"
embarrassed,0,141512,"汗,汗だく"
pantyhose,0,3608339,
panties,0,70098,
shadow,0,436700,異色肌
bottomless,0,86964,"ガーターベルト,吊带袜的吊带"
alternate_hairstyle,0,130056,"巨乳,美巨乳,大きな乳房,豊乳,着衣巨乳,デカァァァァァいッ説明不要!!,巨乳化,圧倒的胸囲,거유,big_boobs,bigboobs,bigbreasts,big_breast,large_breasts,big_tits,bigtits"
belt,0,80683,"メッシュ,挑染"
sunglasses,0,227678,"ピンク髪,ピンク髪ロング,ピンクは淫乱"
no_panties,0,165642,
phone,0,204024,"赤髪,紅髪,红发,빨강머리,빨간머리"
upper_teeth_only,0,1471472,"セックス,SEX,性交,性行為,キスハメ,中出し,挿入,トイレセックス"
parted_lips,3,80128,BB
cat_ears,0,309695,"FGO,FateGO,FateGrandOrder,Fate/GrandOrder,Fate/Grand_Order,Cosmos_in_the_Lostbelt,Fate/GrandOrder(腐),FGO夢,Fate/GO"
fingernails,3,836973,"恥じらい,恥,恥ずかしい,はずかしい,羞恥,赤面"
multicolored_hair,0,166731,"東方,東方project,東方プロジェクト,东方,东方project,東方妖時計,동방,東方MMD,東方うごイラ,東方グラマラス,東方ショタ化,東方好きな人RT,東方版もうひとつの深夜の真剣お絵描き60分一本勝負,東方黄金水,東方緊縛画,東方モータリゼーション,東方対魔忍"
penis,0,80553,"艦これ,艦隊これくしょん,艦コレ,艦娘,舰队Collection,艦Colle,艦隊Collection,艦隊收藏,kantaicollection,함대_컬렉션,칸코레,私服艦娘,下着艦娘,水着艦娘,艦これ集合絵,シンスイカッコカリ,艦ショタ,艦これ版深夜の真剣お絵描き60分一本勝負,艦これ版真剣お絵描き60分一本勝負,北斗の艦,ア艦これ"
underwear,0,494991,"穿いてない,ボトムレス,下脱ぎ,フルチン"
fangs,0,89834,
demon_girl,0,113891,"男の子,少年,男性,男子"
bare_legs,0,76740,
toes,0,68860,銃
head_tilt,0,181963,"三面図,3面図,multiple_angles"
black_pants,0,86726,
two-tone_hair,0,311227,多色髪
white_thighhighs,0,80287,"紫目,紫眼"
socks,0,137813,
from_side,0,193268,馬耳
food,0,752769,"セーラー襟,セーラーカラー,セーラー水着,水手领"
^_^,0,81083,"コップ,カップ,杯子"
frills,0,78739,"砂浜,ビーチ,すなはま,浜辺"
serafuku,0,140192,"汗マーク,汗滴"
red_bow,0,283318,"指抜きグローブ,无指手套"
tears,0,87624,ネッカチーフ
plaid_clothes,0,70629,"太もも,ふともも,魅惑のふともも,魅惑の太もも,ふとももの罠,腿,極上のふともも,極上の太もも,撫で回したい太腿,大腿"
parted_bangs,0,99421,"悪魔っ娘,悪魔娘,サキュバス,succubus,悪魔っ子,悪魔,ロリサキュバス"
fur_trim,0,76876,马赛克
military_uniform,0,267317,
chair,0,4974288,白ビキニ
no_bra,0,181506,茶目
vest,0,394308,"夜,夜景,よる"
pov,0,145652,
ass,0,93241,"モノクロ,モノクロ画,单色调"
blue_dress,0,109551,花柄
saliva,0,96564,赤いスカート
sketch,0,169134,"ソックス足裏,生靴下"
sweater,0,75890,小全景镜头
sleeveless,0,93940,ベッド
bob_cut,0,91121,
blue_bow,0,103442,ベアトップ
necklace,0,77464,
standing,0,68990,"学生服,女子高生,JK,DK,学校制服,制服裸足,せいふく,校服"
thick_thighs,0,86640,オフショルダー
water,0,110110,"ジュエリー,宝飾品,アクセサリー,珠宝首饰,珠宝"
facial_mark,0,75506,"ピース,ピースサイン,Vサイン,ブイサイン,ハメピス,フェラピス"
half-closed_eyes,0,132015,"褐色,褐色肌,色黒"
pussy,0,70710,"茶髪,茶髪ロング,갈색머리"
bare_arms,0,235573,"下腹,お腹,おなか,いいおなかの日"
white_hair,0,76249,"ちびキャラ,ちび,デフォルメ,SD,SDイラスト,Q版,Q版造型,ちびきゃら,ミニキャラ,デフォルメエロ,SDキャラ,TDM,チビケモ"
swimsuit,0,222127,"果物,フルーツ,くだもの,水果"
horns,0,199350,青いスカート
neck_ribbon,0,676176,ももぷく
light_brown_hair,0,166635,"開口,開いた口,口を開ける"
3girls,0,134244,"百合,ユリ,レズ,社会人百合,レズレイプ,創作百合,オリジナル百合,sapphic,にょたゆり,ウマ娘百合ティーダービー,pkmn百合,백합,lesbian,wlw"
double_bun,0,74754,"カチューシャ,ヘアバンド,ヘッドドレス,猫耳カチューシャ,头箍,发箍"
mole_under_eye,0,350533,拉丝
apron,0,175849,"へそ,臍,おへそ,へそ出し,へそチラ,指を突っ込みたいへそ,肚脐,배꼽"
censored,0,120985,黒手袋
star_(symbol),0,175196,"後ろ手,後ろ手縛り"
fate/grand_order,0,177937,"無修正,uncensored"
glowing,0,97509,"ベルト,腰带"
black_eyes,0,88994,"生まれたままの姿(産まれたままの姿)全裸(ヌード),すっぽんぽん,裸帽子,全裸,完全裸,髪飾り以外完全裸"
short_sleeves,0,187714,"イヤリング,耳飾り,耳飾"
black_hat,0,91877,
artist_name,0,356232,"胸の谷間,魅惑の谷間,けしからん谷間,挟まれたい谷間,乳溝,乳沟,가슴골,谷間,cleavage"
speech_bubble,0,1409152,"ホロライブ,ホロライブプロダクション,ホロライブゲーマーズ,ホロライブファンタジー,ホログラ,hololive,hololewd"
blue_eyes,0,285685,"赤いワンピース,赤いワンピ,赤ワンピ,赤いドレス,赤ドレス"
solo,0,133465,青シャツ
virtual_youtuber,0,232981,
multiple_boys,0,324823,髪留め
character_name,0,545271,"水着,エロ水着,水着艦娘,泳装,수영복,泳衣,水著,剥ぎ取りたい水着"
fate_(series),0,234453,虚化背景
bed,0,155933,"化粧,化妆,メイク"
short_hair,0,254481,"アホ毛,呆毛"
feet_out_of_frame,0,177977,"腕带袖口,护腕"
dated,0,83803,"絶対領域,絕對領域,绝对领域,절대영역"
hololive_english,0,256895,"中国风,チャイナ服,中華風,中国風"
beret,0,75893,
open_mouth,0,117669,たくし上げ
flower,0,148539,
tattoo,0,160161,"kirakiradeshita,闪闪发光,キラキラ"
hands_up,0,73428,サイハイブーツ
very_long_hair,0,113608,"黒スト,黒ストッキング,黑丝,黒タイツ"
blurry_background,0,350847,
wide_sleeves,0,92545,"ピアス,ボディピアス"
hetero,0,91284,"翠眼,緑眼,緑目"
vaginal,0,144992,"黒パン,黒パンツ"
:3,0,4005860,
midriff,3,110477,"鎧,甲冑"
sitting,0,120435,"影,影子"
hug,0,142178,"枕,枕头,まくら,マクラ"
school_uniform,0,239444,前から見えるお尻
groping,0,226109,"動物,动物,小动物,アニマル,兽,ヨツケモ,wildlife"
2boys,0,92466,"爱液,愛液,マン汁"
cameltoe,0,134014,"白パンツ,白パン,白いパンツ"
testicles,0,192932,"ツインテール,双马尾,雙馬尾,트윈테일,二つ結い,いいツインテールの日,ツインテ,金髪ツインテール,2つくくり"
crop_top,0,327693,"ソロ,solo,ひとり"
muscular,0,318181,"ペニス,陰茎,陰莖,阴茎,男根,男性器,肉棒,魔羅,チンコ,ちんこ,おちんちん,黒チンポ,페니스,음경,남근,남성기,자지,좆,雞巴,鸡巴,dick,(∪)"
clothes_pull,0,185722,"シュシュ,大肠圈发圈"
leg_up,0,102297,
black_hair,0,307276,"横臥,松葉崩し,侧躺"
open_shirt,0,82749,"開脚,M字開脚,エロ蹲踞,V字開脚,张开双腿"
soles,0,75519,"アイドルマスターシンデレラガールズ,シンデレラガールズ,デレマス,モバマス,imas_cg"
elbow_gloves,0,87446,"セミロング,ミディアムヘアー"
bird,0,139710,
depth_of_field,0,121616,"瞑目,闭眼"
indoors,0,173369,"片足立ち,单腿站立,单脚站立"
cape,0,97220,"髪飾り,发饰"
grey_hair,0,89924,"手袋,裸手袋,手袋コキ,てぶくろ,장갑,手套"
grey_background,0,167209,
uncensored,0,198998,"笑い,スマイル,笑顔,笑顏,守りたい、この笑顔,笑,笑容,微笑み,微笑,微笑む,미소,守りたいこの笑顔"
arms_behind_back,0,191932,边框
tail,0,88258,"武器,兵器"
one_side_up,0,110708,"リボン,리본,丝带,絲帶,缎带,紐タイ"
pink_hair,0,96512,"鞄,かばん,カバン"
umamusume,0,140932,"グラデ髪,グラデヘアー,渐变色头发"
tongue,0,127871,"ブラジャー,ブラ,デカブラ,브래지어,브라,胸罩"
looking_at_another,0,75355,"昼間,daytime,昼,ひる"
blue_jacket,0,76298,"涎,唾液,口水"
no_shoes,0,154975,
hair_flower,0,183362,
thighs,0,322560,"貧乳,微乳,ちっぱい,極上の貧乳,ペチャパイ,small_boobs,smallboobs,small_breasts,smallbreasts"
covered_nipples,0,119855,下を見る
black_jacket,0,85188,"肛門,アヌス,尻の穴,縦割れアナル,尻穴"
sidelocks,0,137913,サングラス
white_socks,0,137229,
arm_up,0,1188777,"茶色髪,小麦色髪,淡褐色髪"
headphones,0,163612,"オレンジ目,おれんじめ"
honkai_(series),0,75883,"たくし上げ,たくし上げ黒ビキニ,シャツたくし上げ"
blunt_bangs,0,109315,"食べ物,食品,食物"
pokemon,0,216752,本
long_sleeves,0,100100,ノースリーブワンピース
bare_shoulders,0,159920,"パーカー,连帽衫"
white_panties,0,89861,"ブーツ,長靴,裸ブーツ"
tongue_out,0,228700,"ボディスーツ,ぴっちりスーツ,ボディースーツ,艦ラバー,ラバースーツ,全身タイツ,ピッチリスーツ,连体紧身衣,紧身衣"
blue_hair,0,239149,"ウェーブヘア,ウェービーヘア"
side_ponytail,0,1089329,"ダッチアングル,倾斜角度"
leaning_forward,0,191099,白背景
streaked_hair,0,92155,"蝶ネクタイ,ボウタイ,領結,领结"
floating_hair,0,109425,"ジャボ,多褶领巾"
side-tie_bikini_bottom,0,224966,
wariza,0,257401,"馬娘,ウマ娘"
wings,0,68610,"ハイソックス,ハイソ,黒ハイソックス,黒ハイソ,黒ハイ,白ハイソックス,白ハイソ,白ハイ,紺ハイソックス,紺ハイソ,紺ハイ"
sleeves_past_wrists,0,189330,"部屋,室内,屋内,インテリア"
fox_ears,0,217408,"ボーカロイド,ボカロ,VOCALOID,博歌樂,术力口,術力口"
kantai_collection,0,95943,"鎖骨,빗장뼈,锁骨"
halterneck,0,660136,付け襟
pussy_juice,0,74844,"アイドルマスター,idolm@ster,theidolm@ster,im@s,アイマス,アイドルマスタ"
brown_hair,0,103884,"ポケモン,ポケモン擬人化,ポケモン人間絵,pkmn腐,ポケ擬,Pokemon,포켓몬,포켓몬스터,ポケモントレーナー版深夜の真剣お絵描き60分一本勝負,ポケモン×人間,ポケットモンスター,ポケモントレーナー,pocketmonsters,精灵宝可梦,ポケモン機械化,ポケモンイラスト,Pokémon,宝可梦,pkg版深夜の真剣お絵描き60分一本勝負,pokemonfanart,pkmn,ポケモンFA,星座タロット風ポケモン,ポケモンと生活,宝可梦图鉴,アニポケ,pkmn夢,pkmn百合"
female_pubic_hair,0,534129,"極上の貧乳,ぺったんこ,大平原の小さな胸,無乳,ナイチチ,平らな胸,ツルペタ,つるぺた,平胸,まな板,flat-chested"
glasses,0,125852,ツーサイドアップ
flat_chest,0,108765,"花,はな,フラワー,꽃,以花咏画,花と女の子"
leotard,0,69156,"天使の輪,天使の輪っか,光环,ヘイロー,へいろー"
vocaloid,0,86177,"衣装チェンジ,私服艦娘"
completely_nude,0,142767,"足裏,裸足裏,ソックス足裏,足の裏"
holding,0,102923,"ツートン,ツートーン,二色髪"
gun,0,80433,紫髪
ponytail,0,209069,黒ワンピ
cat_girl,0,206534,"服ビリ,尻破れ"
upper_body,3,261614,
idolmaster_cinderella_girls,0,103820,
kimono,0,100326,"黄色眼,黄色目,黄眼,金眼,金目"
choker,0,231466,"プリーツスカート,百褶裙"
rose,0,112638,"ローアングル,ぶちアングル,アオリ"
on_bed,0,267648,"リボンタイ,りぼんたい,ネックリボン,ねっくりぼん,紐タイ"
black_shirt,0,103538,"勃起,剥けチン"
white_bikini,0,280627,"三つ編み,みつあみ,麻花辫,辫,辫子"
bracelet,0,75858,"サイバンド,大腿上的带子,腿带"
playboy_bunny,0,126016,
symbol-shaped_pupils,0,197211,"陰毛,阴毛,음모,生えかけ,ロリ陰毛,パイパン差分希望,ヘアヌード,アンダーヘア"
heart,0,71866,"目がハート,目にハート,ハート目,心形瞳孔"
open_clothes,0,412658,ワンピース水着
tree,0,143555,"背中,魅惑の背中,ぱっくり背中,せなか"
hair_bun,0,177417,"タイツ,黒タイツ,黒パンスト,白タイツ,ストッキング,パンスト,パンティストッキング,タイツの日,ストッキングの日,连裤袜,裤袜"
bow,0,153408,"脸红,赤面,頬染め,///,紅潮"
ribbon,0,573399,
horse_girl,0,393426,"ファイアーエムブレム,ガチホモエムブレム,FE,FireEmblem,FE版深夜の真剣お絵描き60分一本勝負,FE腐向け,火焰纹章"
hair_over_one_eye,0,216333,"傘,伞,雨傘,雨伞"
blue_background,0,1629090,オレンジ髪
male_focus,0,229507,"原神,原神project,원신,gnsnプラス,Genshin,Yuanshen,genshinimpactfanart,GenshinImpact,gnsn夢,Genshinfanart,原神同人,gnsn,GenshinImpact5ꓸ0,原尻,genshintwt"
hair_ornament,0,179204,
from_below,0,581788,後ろ姿
border,0,190173,"足,美脚"
thigh_strap,0,195974,"エルフ耳,尖耳朵,とんがり耳"
english_text,0,243263,"葉,葉っぱ,木の葉"
ass_visible_through_thighs,0,367026,ベル
bag,0,104086,"ブレスレット,腕輪,手镯"
detached_collar,0,116832,"ハグ,拥抱"
window,0,979176,披肩
blue_skirt,0,72156,"サッシュ,현장,飾帶,饰带,条带"
frown,0,106343,"ロングヘアー,長髪,ロングヘア,黒髪ロング,金髪ロング,长发,長髪けもフレ,茶髪ロング,長い髪,長髪男子,銀髪ロング"
sleeveless_shirt,0,507095,
orange_hair,0,566348,"裸足,素足,裸足裏,制服裸足,裸足男子"
hair_bow,0,119144,
sparkle,0,84626,灰色の瞳
off_shoulder,0,291973,"女の子,女性,少女,girl,おんなのこ,女子,소녀,女孩,姑娘,女,ガール,ガールズイラスト,animegirl"
underboob,0,124459,"サンダル,凉鞋,涼鞋,신발"
highleg,3,206690,"萌え袖,萌袖"
watermark,0,201113,"ウマ娘,ウマ娘プリティーダービー,赛马娘,賽馬娘,马娘,馬娘,우마무스메,말딸,Umamusume,フォロワーさんからイメージもらって自分をウマ娘化する,ウマ娘ガンダムダービー,北斗の拳ニンジン味,ウマ娘モータリゼーション,闪耀优俊少女,闪耀!优俊少女,优骏少女,グラップラー馬姫,ウマ娘百合ティーダービー"
book,0,100550,"星形,星型,星,星星"
azur_lane,0,224621,
animal_ears,0,386670,"漫画,マンガ,漫畫,만화,漫畵"
capelet,0,125197,"👘,着物,和服"
wet,0,111085,
looking_at_viewer,0,314253,"ハーフトップ,露腹短上衣,短款上衣"
closed_mouth,0,423601,"セーター,스웨터,毛衣,トレーナー,スウェット,スウェットシャツ,スエットシャツ"
alternate_costume,0,135797,生足
clothes_lift,4,183476,"赤目,赤眼,赤い目,붉은눈,빨간눈,銀髪赤眼,銀髮赤眼,银发赤眼,은발적안,白髮紅眼,白发红眼,黒髪赤眼,黑髮赤眼,黑发赤眼,흑발적안,黑髮紅眼,黑发红眼"
hololive,3,1518705,"超ロングヘア,超长发"
witch_hat,0,244931,
hoodie,0,99638,
sword,0,324777,"青空,蒼空,青い空,蒼天,蒼穹,碧空,蓝天"
earrings,0,223413,
military,0,104890,中景镜头
large_breasts,0,322574,"コート,外套"
boots,0,79035,"ホルターネック,ホルタートップ,ホルタービキニ,颈挂式"
white_skirt,0,200528,"ぱっつん,パッツン,前髪ぱっつん,齐刘海"
skindentation,0,108241,海
closed_eyes,0,184646,緑髪
makeup,0,230370,"精液,정액,ザーメン"
colored_inner_hair,0,99773,"眼鏡,眼鏡っ娘,メガネ,めがね,眼镜,伊達眼鏡,안경,eyeglasses,spectacles,glasses"
hand_up,0,86868,"センター分け,真ん中分け,中分刘海"
fake_animal_ears,0,138222,
ahoge,0,413261,"足,足フェチ"
leaf,0,81298,"肩出し,ベアトップ,露肩装,露肩"
obi,0,78842,"お団子頭,お団子"
white_dress,0,90601,黒シャツ
anus,0,184210,マン毛
idolmaster,0,79526,柄目
kneehighs,0,202615,"鳥,擬鳥化,鳥ポケモン,鳥と女の子"
purple_hair,0,111089,
:d,0,172247,
pillow,0,75765,"白ニーソックス,白ニーソ,白ニーハイ,白ストッキング,白スト,白丝袜"
coat,0,167060,"頭に花,花飾り"
bed_sheet,0,91692,
on_back,0,464629,"仰向け,仰臥"
on_side,0,898595,"ビキニ,ビキニ水着,エロビキニ,剥ぎ取りたいビキニ,比基尼,豹柄ビキニ"
shiny_skin,0,532440,"八重歯,虎牙,犬齿"
:o,0,134061,"寝そべり,寝そべる,横臥,横になる,寝転がる,うつぶせ,うつ伏せ"
white_flower,0,126602,"白ソックス,白ハイソックス,白ハイソ,白靴下"
wavy_hair,0,1052374,
orange_eyes,0,93147,カメラ目線
high_heels,0,153971,"オッドアイ,ヘテロクロミア,异瞳,虹彩異色症,异色瞳,虹膜异色症"
collared_shirt,0,339935,"首傾げ,歪头"
miniskirt,0,231413,"おまんこ,女性器,pussy,屄,グロマン,膣,女性生殖器,女阴,まんこ"
see-through_clothes,0,145773,
black_hairband,3,1025094,
chain,0,434082,"付け耳,つけ耳,けもみみ(偽)"
comic,0,96352,"電話,电话"
mask,0,140215,
copyright_name,0,678547,
barefoot,0,143030,"ブルアカ,ブルーアーカイブ,ブルアカイラスト部,ブルーアーカイブイラコン,블루아카이브,블루아카,BlueArchive,蔚藍檔案,碧蓝档案,碧藍檔案,BA,ジョジョアーカイブ,蔚蓝档案"
aqua_hair,0,148306,"スカート,裙,치마"
black_choker,0,320198,"蝶結び,蝶々結び,蝴蝶结"
jacket,0,1906325,"初音ミク,初音未来,初音未來,miku_monday,mikumonday,ミクの日,hatsunemiku,初音ミクイラスト,miku,ミク,hatsumemiku,mikuhatsune,miku_hatsune,vocaloid_miku"
fang,0,99213,"黒ニーソックス,黒ニーソ,黒ニーハイ,黒ストッキング,黑丝"
blue_archive,0,78092,"見返り,振り返り,振り向き,振り向く,見返り美人,回眸,回头看"
necktie,0,81977,"上半身,中近景镜头"
multiple_girls,0,789325,"おっぱい,極上の乳,大艦巨乳主義,オッパイ,美乳,おっぱいがいっぱい,乳神様,天乳,胸,boobs,胸がぱんぱかぱーん,九九艦爆乳,ダイヤモンドバスト,このおっぱいで聖女は無理でしょ,乳,いいおっぱいの日,乳房,유방,着衣巨乳,tits,どや乳,なのぱい,boob,tit,titties,titty,breast,oppai,boobies,歐派"
sandals,0,75299,
scrunchie,0,73292,日付
black_bikini,0,238271,"お尻,尻,尻神様,極上の尻,おしり,ねじ込みたい尻,巨尻,顔を埋めたい尻,魅惑の尻,撫で回したい尻,椅子尻,いいおしりの日,かわいいおしり,爆尻,生尻,プリケツ,撫で回したいお尻,けつね,揉みしだきたい尻,原尻"
braid,0,360061,
piercing,0,715876,
full_body,0,69949,紐ビキニ
spread_legs,3,95473,"乳首,nipples,nipple"
arknights,0,70812,"袖だけ霊夢,袖だけ"
mosaic_censoring,0,68963,"雲,くも"
black_socks,0,887987,"ネクタイ,领带"
red_ribbon,0,144124,"blue_eyes,碧眼,青い目,藍眼睛,蓝眼睛,파란눈,金髪碧眼,金髮碧眼,金发碧眼,금발벽안,銀髪碧眼,銀髮碧眼,银发碧眼,은발벽안"
dark_skin,0,197356,"花びら,花吹雪,桜吹雪,花瓣"
lips,0,892521,"閉口,口を閉じる"
small_breasts,0,120919,
black_skirt,0,78340,"透け,透け透け,スケスケ,すけすけ,シースルー,濡れ透け,透けブラ,スケブラ,透けスカート"
colored_skin,0,128021,"蹲踞,エロ蹲踞,しゃがみ,スクワット,蹲,蹲着"
blue_sky,0,144279,
medium_hair,0,138439,"明日方舟,アークナイツ,명일방주,Arknights,ArknightsFanArt,アークナイツバトルイラコン"
grin,0,185652,"膣の,阴道性行为"
thigh_boots,0,71020,"ポケモン×ポケモン,ポケモン×人間,pokemon"
holding_hands,0,80986,"包帯,眼帯,绷带,包扎"
chinese_clothes,0,447763,"ぶっともも,thickthighs"
armor,0,520847,
scarf,0,322632,
jewelry,0,952699,タイトル回収
original,0,467351,"いいスジしてる,メコスジ,すじ,スジ,骆驼趾,도끼자국,キャメルトゥ,まんすじ"
cup,0,99411,"白ワンピ,白ワンピース"
gradient_background,0,186918,"鼠蹊部,またすじ,恥丘,鼠径部"
buttons,0,182490,"もみあげ,横髪,サイドヘア,边落,耳前侧发,鬓发"
floral_print,0,113257,"フリル,花边"
chibi,0,1448937,
pants,0,256496,"セーラー服,水手服"
plaid_skirt,0,1067528,"群像,多女性"
kneeling,0,168972,
looking_to_the_side,0,149889,"金髪,金髮,金发,금발,金髪碧眼,金髮碧眼,金发碧眼,금발벽안,金髪ロング,金髪ツインテール,ブロンド"
white_shirt,0,150107,"ノーブラ,つけてない"
blurry,0,77290,
one-piece_swimsuit,0,1147531,
back,0,1265728,
blush,0,706551,"ベスト,背心"
teeth,3,80568,"キャットガール,猫系女子,猫耳娘,貓人,猫人,貓娘,猫娘"
black_gloves,0,179335,Oの字口
black_pantyhose,0,603931,"泣きぼくろ,泣きボクロ,泣き黒子,눈물점,泪痣"
bowtie,0,1199644,太眉
twitter_username,0,80031,"シャツ,襯衫,셔츠,衬衫,上衣"
strapless,0,75424,"しかめっ面,・''・,皱眉"
beach,0,102901,"ホワイトブリム,女仆头饰"
garter_straps,0,128101,"狐娘,狐っ娘,foxgirl"
ring,0,121989,
bodysuit,0,2535113,レオタード
yuri,0,77890,"ヘッドフォン,ヘッドホン,ヘッドホン娘,ヘッドホン男子,头戴式耳机"
cum_on_body,0,76119,"🧣,マフラー,围巾,围脖"
hair_between_eyes,0,94294,"ノースリーブ,アメリカンスリーブ"
collar,0,76430,"ショートヘア,ショートカット,短髪,黒髪ショート,短发,단발"
pokemon_(creature),3,574323,"横顔,侧脸,侧面"
1girl,0,864539,"全身,全身絵,全景镜头"
dark-skinned_female,0,98983,"青ドレス,青いワンピース,青いワンピ"
loli,0,76368,"チョーカー,颈圈,ちょーかー"
frilled_dress,0,864066,"ドレス,ワンピース服,ワンピ,连衣裙,드레스"
mole,0,143905,爱抚
umbrella,0,91192,"裸,ヌード,裸ニーソ,裸手袋,裸体,裸靴下,袖だけ霊夢,袖だけ,全裸群像,裸ランドセル,生まれたままの姿(産まれたままの姿)全裸(ヌード),すっぽんぽん,裸帽子,裸立ち絵"
thick_eyebrows,0,351688,ベッドの上
simple_background,0,74215,
pointy_ears,0,541349,"ワンサイドアップ,サイドアップ,ハーフアップ"
oral,0,464376,"おさげ,二つ結び,下双马尾,低双马尾,로우테일"
blush_stickers,0,99176,"ほくろ,ホクロ,痣"
solo_focus,0,396719,"軍事,ミリタリー,軍用機,軍人"
turtleneck,0,588991,"帽子,裸帽子"
halo,0,2294308,"軍服,军服,军装,セクシー軍服"
bandages,0,218298,透けへそ
pubic_hair,3,426864,"ウィンク,ウィンクX東方"
stomach,0,344961,
hair_ribbon,0,216567,"八重歯,虎牙"
green_hair,0,170957,
twintails,0,191008,"ソックス,靴下,生靴下,裸靴下"
looking_down,0,480748,ネックレス
red_eyes,0,223052,"Yシャツ,ワイシャツ,裸Yシャツ,正装衬衫,西装衬衫,衬衫"
dress,0,75051,"黒ハイソックス,黒ソックス,黒生,黒靴下"
dutch_angle,0,642669,
multiple_views,0,267247,"バーチャルユーチューバー,バーチャルYouTuber,Vtuber,Vチューバー,バーチャルシンガー,バーチャルSinger,バーチャルライバー,VLiver,Vライバー,バーチャルストリーマー,VStreamer,虚拟主播,虛擬主播,虚拟YouTuber,虛擬YouTuber,虚拟UP主,虛擬UP主,VUP,香港vtuber,hkvtuber,台灣vtuber,버츄얼유튜버,버츄얼YouTuber,버튜버,버츄버,버츄얼,KRVTuber,KR_VTuber,Vtuber準備中,新人Vtuber,新人Vチューバー,Vtuberはじめました,おはようVtuber,vtb,VTuver,新人Vtuver,VirtualYouTuber,ENVtuber,VtuberID,PHVtuber,VtuberES,VTuberFR,VTubers,vtuberfanart,vtuberart,vtuber_fanart,vSinger,virtualsinger,virtual_singer,pngtuber"
black_dress,0,135870,"マニキュア,マニキュア液,指甲油,매니큐어"
green_eyes,0,109146,
purple_eyes,0,196245,白髪
dress_shirt,0,191126,"前屈み,前かがみ"
fire_emblem,0,112615,"靴,くつ,鞋子,신발"
breasts,0,86939,
hand_on_own_hip,0,74887,"インナーカラー,内层挑染,inner_color"
grey_eyes,0,1250530,
sailor_collar,0,225622,"ジャケット,上着,夹克"
expressionless,0,82688,"胸ポチ,勃起乳首,透け乳首,浮き乳首"
gradient_hair,0,110753,
demon_horns,0,97171,"サイン,サイン入り,签名"
brown_footwear,0,175161,
official_alternate_costume,0,213290,
white_gloves,0,148991,"青髪,青い髪,水色髪"
puffy_sleeves,3,1047308,"空,天空"
fox_girl,0,149280,セカコス
feet,0,282746,"白髪,銀髪,銀髪ロング"
fingerless_gloves,0,81871,"メイド,メイドさん,メイド少年,女仆,메이드,メイド服,妹抖"
armpits,0,1116912,"ニーソックス,ニーソ,ニーハイソックス,ニーハイ,サイハイソックス,过膝袜,长筒袜,大腿袜"
detached_sleeves,0,93367,"被写界深度,피사계심도,虚化背景,虚化前景"
1boy,0,406119,"Honkai,崩坏,崩壊,逆熵,崩壞,붕괴"
sky,0,143186,"タトゥー,刺青"
cleavage,0,101012,"しっぽ,尻尾,もふりたい尻尾,尾巴"
legs,0,285985,"褐色娘,褐色ロリ,黒ギャル"
arm_support,0,721356,"腰に手,单手叉腰"
short_shorts,0,72356,"まつげ,睫毛"
smile,0,442296,"はいてない,ノーパン"
pink_background,0,88846,
pink_eyes,0,929898,脇見せのポーズ
sleeveless_dress,0,152490,透かし
nail_polish,0,68383,赤面
cosplay,0,69193,"シーツ,ベッドシーツ"
from_behind,0,235005,"足指,足の指"
hatsune_miku,0,141529,"猫耳,ネコミミ,ねこみみ,ネコ耳,ねこ耳,猫耳カチューシャ"
profile,0,274983,"ミニスカ,ミニスカート,ミニスカ巫女,미니스커트,迷你裙,超短裙,ミニスカポリス"
drill_hair,0,141426,狼耳
blonde_hair,0,105127,
sweatdrop,0,97070,椅子
hat,0,106790,
collarbone,0,213194,"黒髪,黒髪ロング,黒髪ショート,黒髪ボブ,黑发,흑발,黒髪赤眼,黑髮赤眼,黑发赤眼,흑발적안,黑髮紅眼,黑发红眼"
neckerchief,0,108883,"男の子,男,少年,男の娘,長髪男子,男子,boy,animeboy"
outdoors,0,86405,舌出し
heterochromia,0,74100,"NL,男女カプ,イナゴ男女カプ,ヘテロ,男の娘×女の子,異性愛"
fox_tail,0,259949,"首輪,项圈"
medium_breasts,0,3157499,血
hairclip,0,685847,"濡れ,濡れる,びしょ濡れ,びしょびしょ"
nude,0,206757,絶対空域
sash,0,277743,"木,樹,樹木,木本,じゅもく,き"
blood,0,72223,白黒
scar,0,74297,"♥,ハート,ハート形,爱心,红桃,<3"
weapon,0,572334,"舌,舌責め"
aqua_eyes,0,985368,
pleated_skirt,0,70168,黒目
nose_blush,0,138274,コスプレ
squatting,0,91967,
bikini,0,156166,
open_jacket,0,68455,"谷間ホール,奶窗"
cat_tail,0,75449,"割座,ぺたん座り,女の子座り,アヒル座り,鸭子坐"
bar_censor,0,2903688,
puffy_short_sleeves,0,127810,"パンティー,パンティ,パンツ,ぱんつ,高品質パンツ,お子様パンツ,剥ぎ取りたいパンツ,嫌パン,こどもぱんつ,女児ぱんつ"
erection,0,111107,
swept_bangs,0,137838,"ケープ,披风,披風"
japanese_clothes,0,71624,"ベレー,贝雷帽"
blue_shirt,0,83627,"マスク,仮面,覆面,衛生マスク,サージカルマスク,防塵マスク,ガスマスク,面具,カラスマスク"
holding_sword,0,891679,"爪,손톱,指甲"
ocean,0,79908,
short_dress,0,70454,"荊棘,薔薇,蔷薇,ばら,玫瑰,バラ,장미,roses"
yellow_eyes,0,107240,"筋肉,筋肉質,玉つき筋肉ショタ"
red_skirt,3,1190764,"輝く白い歯,露齿笑"
groin,0,1273613,"長手袋,ロンググローブ,长手套,白長手袋,肘手套"
striped_clothes,0,74742,"ふきだし,말풍선,對話框"
shoes,0,91378,"立つ,立ち絵"
animal,0,311713,
shirt,0,73611,"金玉,睾丸,キンタマ,揉みしだきたい玉,ふぐり,裏玉,玉責め"
sideboob,0,126630,
thighhighs,0,90706,"翼,羽,翅,ウィング,翅膀,有翼,有翼人"
cowboy_shot,0,766897,"ぼかし,ぼやけた,模糊"
bra,0,157726,半袖
red_dress,0,394069,"碧蓝航线,碧藍航線,アズールレーン,AzurLane,舰B,艦B,アズレン,벽람항로,アズールレーン陣営,アズールレーン版深夜の真剣お絵かき60分一本勝負,パイズールレーン,KAN-SEN,アズレン漫画"
skirt,0,307283,"ハメ撮り視点,POV,主観視点,一人称視点,自分視点,第一人称视角"
bell,0,85988,"おかっぱ,ボブカット,ボブ,黒髪ボブ,黒髪ボブカット,茶髪ボブ,赤髪ボブ,ショートボブ,エアリーボブ,前下がりボブ,マッシュルームカット,ワンレンボブ,前上がりボブ,おかっぱ男子"
holding_weapon,0,130442,魔女帽子
holding_food,0,453578,"オリジナル,創作,原創,原创,看板娘,看板息子,自キャラ,オリキャラ,オリジナル艦娘,オリ刀剣,창작,oc,创作,うちの子,うちの娘,オリジナルキャラクター,自作キャラ,Оригинальный,Original,original_character,ออริจินอล,オリジナルフレンズ,オリフレ,原画,オリジナルキャラ,一次創作,創作男女,オリロボ,オリジナルウマ娘,オリソニ,オリメカ,オリジナルイラスト,오리지널,オリキャラ愛の会,ウチの子,自キャラクター,indie_anime,うちのこ,originalcharacter,オリギナル,自创,自創,おりじなる,original,OC,創作男子,my_oc,創作百合,自家孩子,original_art,創作キャラ,創作イラスト,originaldesign,原创插画,オリケモ,oc_artwork,oc_art,ocartwork,ocart,oc_tag,ocs,my_ocs"
v-shaped_eyebrows,0,99232,"下着,肌着,下着艦娘,白下着,胖次"
black_shorts,0,91671,"タートルネック,ハイネック,高领毛衣"
rabbit_ears,3,71630,"サイドテール,侧马尾"
greyscale,0,334900,"無表情,平然,无表情"
maid_headdress,0,469229,"野外,青姦,野外緊縛,室外,户外"
black_ribbon,0,233070,"たかみよこがお,よこがおフレンズ"
sex,0,139896,"握り,ラブ握り,牵手"
single_braid,0,71883,"窓,窓辺,窗户"
shorts,0,87320,"中出し,膣出し,中出,膣内射精,膣內射精,질내사정,體內射精,体内射精,체내사정,內射,内射"
hood,0,603947,"Fate,Fateシリーズ"
clothing_cutout,0,341732,"ズボン,パンツルック"
low_twintails,0,79453,ハイレグ
long_hair,0,490146,白いシャツ
eyelashes,0,428906,
v,0,80628,"丸子头,お団子,发髻,お団子ヘアー,おだんご"
shirt_lift,0,651387,
monochrome,0,138154,涙
navel,0,115104,"座る,座り,椅子尻"
fruit,0,76186,"角,角娘,角っ子,有角人,角っ娘"
brown_eyes,0,91615,"跪く,膝立ち,跪,跪着,下跪"
lying,0,83159,"へそ出し,へそだし,ヘソ出し,腹チラ,腹部,肚子"
two_side_up,3,227950,"うさぎ耳,ウサギ耳,うさみみ,うさ耳,兎耳,ウサミミ,ウサ耳"
2girls,3,286888,"鎖,くさり,チェーン,チェイン,链条"
hair_intakes,0,491768,"黒ビキニ,たくし上げ黒ビキニ"
white_jacket,0,726995,"普通乳,普乳"
looking_back,0,272639,"片目隠れ,片目隠し"
black_thighhighs,0,663616,"リング,戒指,指輪"
white_background,0,130621,はだけ
